codproducto;nombreproducto;tipoarticulo;linea;unidadnegocio;categoria;forma_farmaceutica;aniomes;202301;202302;202303;202304;202305;202306;202307;202308
00088;VITA-B CAP BLD CAJ*50;OTC;DIV FARMA;MEDICINAS;COMERCIAL;CAPSULA BLANDA;;14364;-;119700;71820;95760;95760;143640;119700
00585;VISINE SOL OFT ORIGINAL FCO*15ML;OTC;DIV FARMA;MEDICINAS;COMERCIAL;SOLUCION OFTALMICA;;1391;4173;1391;2782;2782;-;6955;-
00589;VISINE EXTRA SOL OFT FCO*15ML;OTC;DIV FARMA;MEDICINAS;COMERCIAL;SOLUCION OFTALMICA;;2764;13820;4146;8292;12438;17966;5528;17966
00992;SIMEPAR CAP CAJ*40;OTC;DIV FARMA;MEDICINAS;COMERCIAL;CAPSULA;;67250;36315;44385;37660;-;-;-;-
01202;FLUIMUCIL GRANUL 100MG SOB 1G CAJ*30;OTC;DIV FARMA;MEDICINAS;COMERCIAL;GRANULADO;;-;-;27720;22176;70686;-;-;18018
01307;BERIFEN GEL 1% TUBO*20G;OTC;DIV FARMA;MEDICINAS;COMERCIAL;GEL;;2756;-;-;-;2756;5512;6890;-
01323;PHILLIPS LECHE MAGNESIA SUSP FCO*120ML;OTC;DIV FARMA;MEDICINAS;COMERCIAL;SUSPENSION;;1287;-;2574;-;2574;1287;3861;-
01549;DAYAMINERAL JBE FCO*240ML;OTC;DIV FARMA;MEDICINAS;COMERCIAL;JARABE;;-;-;-;1386;2772;-;1386;-
01720;COMPLEJO B LIFE JBE FCO*120ML;OTC;DIV FARMA;MEDICINAS;GENERICOS;JARABE;;8328;5552;6940;13880;9716;16656;9716;4164
01773;BUPREX SUSP 100MG/5ML PED FCO*120ML;OTC;DIV FARMA;MEDICINAS;COMERCIAL;SUSPENSION;;-;-;-;1386;1386;-;2772;-
01989;FLUIMUCIL TAB EFERV 600MG CAJ*20;OTC;DIV FARMA;MEDICINAS;COMERCIAL;TABLETA EFERVESCENTE;;125010;76395;123621;55560;75006;152790;104175;38892
02147;MUCOSOLVAN JBE 15MG/5ML KIDS FCO*120ML;OTC;DIV FARMA CHC;MEDICINAS;COMERCIAL;JARABE;;-;-;3639;-;-;-;-;-
02148;MUCOSOLVAN FORTE JBE 30MG/5ML ADU *120ML;OTC;DIV FARMA CHC;MEDICINAS;COMERCIAL;JARABE;;2652;2652;2652;3978;-;-;-;-
02167;BISOLVON@@COMP 8MG ADU CAJ*20;OTC;DIV FARMA CHC;MEDICINAS;COMERCIAL;COMPRIMIDO;;882;8820;6615;-;-;-;-;-
02169;BUSCAPINA GRAGEAS 10MG CAJ*20;OTC;DIV FARMA CHC;MEDICINAS;COMERCIAL;GRAGEA;;-;-;-;-;6486;9729;-;-
04081;FLUIMUCIL GRANUL 200MG SOB 1G CAJ*60;OTC;DIV FARMA;MEDICINAS;COMERCIAL;GRANULADO;;-;50801;17849;16476;26087;27460;15103;-
04181;FINALIN FORTE GRAGEAS 500/65MG CAJ*100;OTC;DIV FARMA;MEDICINAS;COMERCIAL;GRAGEA;;362529;227796;366696;300024;559767;438924;445869;259743
04427;SAL ANDREWS POLVO EFER ORIGINAL SOB*50;OTC;DIV FARMA;MEDICINAS;COMERCIAL;POLVO EFERVESCENTE;;100886;48370;201772;87066;81538;63572;103650;63572
04442;FEBRAX TAB 275/300MG CAJ*20;OTC;DIVISION DELTA 1;MEDICINAS;COMERCIAL;TABLETA;;44880;61200;55760;19040;8160;16320;6800;4080
04663;UMBRAL CAP BLD 500MG CAJ*50;OTC;DIV FARMA;MEDICINAS;COMERCIAL;CAPSULA BLANDA;;470871;370863;386142;290301;605604;683388;434757;491706
04665;UMBRAL GOTAS 100MG/ML PED FCO*30ML;OTC;DIV FARMA;MEDICINAS;COMERCIAL;GOTAS ORALES;;1388;8328;5552;1388;2776;2776;2776;2776
04688;AFRIN SOL NASAL 0.05% ADULTO FCO*15ML;OTC;DIV FARMA OTC;MEDICINAS;COMERCIAL;SOLUCION NASAL;;-;-;-;-;-;-;1368;2736
04831;VOLTAREN EMULGEL GEL 1% TUBO*30G;OTC;DIV FARMA;MEDICINAS;COMERCIAL;GEL;;5540;1385;6925;5540;2770;-;2770;2770
04919;LAMISIL SOL TOPICA 1% SPR FCO*30ML;OTC;DIV FARMA;MEDICINAS;COMERCIAL;SOLUCION TOPICA;;-;-;-;-;-;-;-;937
04964;MINOXIDIL MK LOCION 2% FCO*60ML;OTC;DERMATOLOGICOS TQ;MEDICINAS;GENERICOS;LOCION;;-;-;-;1342;-;-;-;-
05032;DULCOLAX COMP 5MG CAJ*10;OTC;DIV FARMA CHC;MEDICINAS;COMERCIAL;COMPRIMIDO;;4164;30536;20820;45804;48580;45804;33312;16656
05047;PROCTO-GLYVENOL CREMA 5/2% TUBO*30G;OTC;DIV FARMA;MEDICINAS;COMERCIAL;CREMA;;1380;-;2760;-;1380;1380;2760;-
05052;LAMISIL TOPICO CREMA 1% TUBO*15G;OTC;DIV FARMA;MEDICINAS;COMERCIAL;CREMA;;1340;4020;4020;-;1340;1340;-;-
05134;ALLEGRA TAB REC 120MG CAJ*10;OTC;DIV FARMA CHC;MEDICINAS;COMERCIAL;TABLETA RECUBIERTA;;-;8286;-;-;-;-;-;-
05371;ANTIAX SUSP FCO*180ML;OTC;DIV FARMA;MEDICINAS;COMERCIAL;SUSPENSION;;-;-;-;-;-;1212;-;-
05377;NICOTEARS GEL OFT TUBO*5G;OTC;DIV FARMA;MEDICINAS;COMERCIAL;GEL OFTALMICO;;-;-;-;-;1352;-;-;-
05380;MUXOL JBE 30MG/5ML ADU FCO*100ML;OTC;DIV FARMA;MEDICINAS;COMERCIAL;JARABE;;-;-;-;-;-;4143;-;-
05381;MUXOL JBE 15MG/5ML PED FCO*100ML;OTC;DIV FARMA;MEDICINAS;COMERCIAL;JARABE;;5500;1375;-;2750;4125;5500;1375;-
05384;MUXOL COMP 30MG CAJ*20;OTC;DIV FARMA;MEDICINAS;COMERCIAL;COMPRIMIDO;;-;11790;-;-;-;47160;-;11790
05393;NICOTEARS SOL OFT FCO*20ML;OTC;DIV FARMA;MEDICINAS;COMERCIAL;SOLUCION OFTALMICA;;5548;4161;11096;6935;9709;1387;4161;4161
05399;ANTIAX COMP MAST 100/480MG CAJ*24;OTC;DIV FARMA;MEDICINAS;COMERCIAL;COMPRIMIDO MASTICABLE;;16236;2706;16236;-;23001;-;-;8118
05787;SALISH K SHAMPOO ANTICASPA FCO*120ML;OTC;DIV FARMA;MEDICINAS;COMERCIAL;SHAMPOO;;1372;-;1372;1372;-;4116;-;2744
05951;GYNO-CANESTEN 3 CREMA VAG 2% TUBO*20G;OTC;DIV FARMA OTC;MEDICINAS;COMERCIAL;CREMA VAGINAL;;1389;2778;5556;1389;1389;1389;2778;1389
05968;TUSSOLVINA JBE 2/20MG/ML FRESA FCO*120ML;OTC;DIV FARMA;MEDICINAS;COMERCIAL;JARABE;;-;-;-;-;-;-;4164;-
06049;GENTEAL GOTAS OFT FCO *10ML;OTC;DIV FARMA;MEDICINAS;COMERCIAL;GOTAS OFTALMICAS;;-;-;-;-;-;1006;1006;-
06086;BISMUTOL SUSP FCO*180ML;OTC;DIV FARMA;MEDICINAS;COMERCIAL;SUSPENSION;;1387;-;1387;1387;2774;2774;1387;-
06093;SIKURA UNG FCO 10G *12;OTC;DIV FARMA;MEDICINAS;COMERCIAL;UNGÜENTO;;1096;1096;4384;7672;1096;2192;2192;3288
06095;NOTUSIN INF JBE 2/20MG/ML FCO*180ML;OTC;DIV FARMA;MEDICINAS;COMERCIAL;JARABE;;-;-;-;-;-;837;-;-
06098;NOTUSIN EXP JBE FCO*100ML;OTC;DIV FARMA;MEDICINAS;COMERCIAL;JARABE;;1090;-;1090;3270;-;1090;-;-
06102;VERONIQUE SHAMPOO 1G/100ML FCO*60ML;OTC;DIV FARMA;MEDICINAS;COMERCIAL;SHAMPOO;;2750;4125;1375;-;-;2750;5500;4125
06187;NOTUSIN 100 JBE FCO*100ML;OTC;DIV FARMA;MEDICINAS;COMERCIAL;JARABE;;-;-;2224;1112;-;-;-;-
06190;NOTUSIN 100 JBE FCO*180ML;OTC;DIV FARMA;MEDICINAS;COMERCIAL;JARABE;;-;-;3330;-;-;-;-;-
06218;ASPIRINA TAB 100MG CAJ*100;OTC;DIV FARMA OTC;MEDICINAS;COMERCIAL;TABLETA;;486850;695500;500760;529971;623168;862420;500760;166920
06246;LECHE MAGNESIA MK SUSP FCO*120ML;OTC;GASTROINTESTINAL TQ;MEDICINAS;GENERICOS;SUSPENSION;;2714;1357;-;1357;-;-;1357;4071
06303;NOTUSIN INF JBE 2/20MG/ML FCO*100ML;OTC;DIV FARMA;MEDICINAS;COMERCIAL;JARABE;;-;-;861;-;-;-;-;-
06678;ENCIDENT SOL TOPICA PROFESIONAL *300ML;OTC;DIV COSMETICOS;MEDICINAS;COMERCIAL;SOLUCION TOPICA;;1369;2738;-;-;5476;1369;-;1369
06878;NOVO-TEARS SOL OFT FCO *10ML;OTC;DIV FARMA;MEDICINAS;COMERCIAL;SOLUCION OFTALMICA;;-;1378;4134;-;1378;6890;5512;2756
06923;KURADOR UNG FCO 11G CAJ*12;OTC;DIV FARMA OTC;MEDICINAS;COMERCIAL;UNGÜENTO;;-;1278;-;-;-;-;-;-
06927;MENTOL CHINO UNG CONCENTRADO 10G CAJ *12;OTC;DIV FARMA OTC;MEDICINAS;COMERCIAL;UNGÜENTO;;23528;15224;34600;35984;19376;22144;26296;24912
07018;MEBO UNG 0.25% HERBAL TUBO*30G;OTC;DIV FARMA OTC;MEDICINAS;COMERCIAL;UNGÜENTO;;1386;1386;-;2772;1386;2772;5544;1386
07562;BISOLVON LINCTUS JBE 4MG/5ML INF *120ML;OTC;DIV FARMA CHC;MEDICINAS;COMERCIAL;JARABE;;-;2762;-;8286;1381;2762;1381;1381
07563;BISOLVON LINCTUS JBE 8MG/5ML ADU *120ML;OTC;DIV FARMA CHC;MEDICINAS;COMERCIAL;JARABE;;2772;1386;1386;4158;-;2772;1386;1386
07681;STAMYL GRAGEAS CAJ*20;OTC;DIV FARMA;MEDICINAS;COMERCIAL;GRAGEA;;-;-;-;10980;-;-;-;-
07881;VAPO MENTOL FORTE UNG FCO*60G;OTC;DIV FARMA;MEDICINAS;COMERCIAL;UNGÜENTO;;-;-;5212;1303;-;-;-;-
07890;BRONCOTOSIL CAP BLD 8MG CAJ*15;OTC;DIV FARMA;MEDICINAS;COMERCIAL;CAPSULA BLANDA;;46614;19194;41130;47985;71292;65808;64437;10968
07973;NAPHACEL OFTENO SOL OFT FCO*15ML;OTC;DIV FARMA;MEDICINAS;COMERCIAL;SOLUCION OFTALMICA;;1271;1271;-;-;-;-;-;-
07987;TERBIFUNG CREMA 1% TUBO*15G;OTC;DIV FARMA;MEDICINAS;COMERCIAL;CREMA;;4122;-;-;1374;1374;2748;4122;4122
08008;BUPREX GOTAS 40MG/ML PED FCO*30ML;OTC;DIV FARMA;MEDICINAS;COMERCIAL;GOTAS ORALES;;-;1273;-;-;-;3819;1273;-
08009;BUPREX FORTE SUSP 200MG/5ML FCO*120ML;OTC;DIV FARMA;MEDICINAS;COMERCIAL;SUSPENSION;;33336;68061;40281;37503;37503;52782;30558;26391
08541;PARACETAMOL GENFAR TAB 500MG CAJ*100;OTC;DIV FARMA;MEDICINAS;GENERICOS;TABLETA;;527440;832800;832800;1249200;1388000;416400;323404;305360
08619;CLOTRIMAZOL GENFAR CREMA 1% TUBO*40G;OTC;DIV FARMA;MEDICINAS;GENERICOS;CREMA;;-;1300;-;-;-;-;-;1300
08622;DICLOFENACO GENFAR EMULGEL 1% TUBO*50G;OTC;DIV FARMA;MEDICINAS;GENERICOS;EMULGEL;;1317;-;-;-;-;-;-;-
08642;IBUPROFENO GENFAR TAB REC 400MG *100;OTC;DIV FARMA;MEDICINAS;GENERICOS;TABLETA RECUBIERTA;;339138;217920;217920;110322;279210;61290;204300;53118
08666;PIROXICAM GENFAR GEL 0.5% TUBO*40G;OTC;DIV FARMA;MEDICINAS;GENERICOS;GEL;;-;-;-;1217;1217;2434;-;-
08745;MENTOL CHINO FORTE UNG FCO*60G;OTC;DIV FARMA OTC;MEDICINAS;COMERCIAL;UNGÜENTO;;1388;1388;2776;-;2776;6940;4164;4164
08797;APETITOL JBE INFAN FCO*240ML;OTC;DIV FARMA;MEDICINAS;COMERCIAL;JARABE;;-;-;1317;-;-;1317;-;-
08808;FEMMEDICAL POLVO ANTISEPTICO FCO*90G;OTC;DIV FARMA;MEDICINAS;COMERCIAL;POLVO;;-;1383;-;1383;2766;-;1383;-
08829;TOPIC BUCAL SOL ADU FCO *10ML;OTC;DIV FARMA;MEDICINAS;COMERCIAL;SOLUCION ORAL;;-;1176;-;-;-;-;-;1176
08830;TOPIC BUCAL SOL INF FCO *10ML;OTC;DIV FARMA;MEDICINAS;COMERCIAL;SOLUCION ORAL;;-;-;-;-;1073;-;-;-
08890;MILPAX SUSP CEREZA FCO*360ML;OTC;DIV FARMA;MEDICINAS;COMERCIAL;SUSPENSION;;9639;4131;4131;4131;6885;9639;6885;8262
08895;LAGRICEL OFTENO SOL OFT 0.4% 0.5ML *20;OTC;DIV FARMA;MEDICINAS;COMERCIAL;SOLUCION OFTALMICA;;-;-;1336;-;-;-;-;-
08902;DESLORAN TAB REC 5MG CAJ*10;OTC;DIV FARMA;MEDICINAS;COMERCIAL;TABLETA RECUBIERTA;;-;-;-;3688;-;-;922;1844
08942;VICLAR EXTRA SOL OFT 0.05% FCO*15ML;OTC;DIV FARMA OTC;MEDICINAS;COMERCIAL;SOLUCION OFTALMICA;;-;-;-;-;936;-;936;-
08982;DULCOLAX CAP BLD 2.5MG PERLAS CAJ*30;OTC;DIV FARMA CHC;MEDICINAS;COMERCIAL;CAPSULA BLANDA;;-;-;38310;-;-;-;-;-
09054;TENVALIN FORTE SUSP 200MG/5ML FCO*100ML;OTC;DIV FARMA;MEDICINAS;COMERCIAL;SUSPENSION;;-;2666;-;-;-;-;-;-
09122;LECHE MAGNESIA MK SUSP FCO*360ML;OTC;GASTROINTESTINAL TQ;MEDICINAS;GENERICOS;SUSPENSION;;2550;3825;-;-;2550;2550;1275;2550
09123;FARMANOVA SOL ALCOHOL 70 *1000ML;OTC;DIV COSMETICOS;MEDICINAS;COMERCIAL;SOLUCION TOPICA;;4164;6940;9716;8328;9716;-;1388;6940
09125;FARMANOVA@@SOL ALCOHOL 70 *250ML;OTC;DIV COSMETICOS;MEDICINAS;COMERCIAL;SOLUCION TOPICA;;-;-;1299;-;-;2598;-;-
09126;FARMANOVA@@SOL ALCOHOL 70 *120ML;OTC;DIV COSMETICOS;MEDICINAS;COMERCIAL;SOLUCION TOPICA;;1332;-;1332;1332;2664;2664;-;-
09236;GERIMAX TAB 200MG GINSENG CAJ*30;OTC;DIV COSMETICOS;MEDICINAS;NATURALES;TABLETA;;4230;-;2538;-;-;1692;12690;25380
09380;FEMEN FORTE CAP BLD 400MG CAJ*50;OTC;DIV FARMA;MEDICINAS;COMERCIAL;CAPSULA BLANDA;;60984;79002;274428;115038;141372;135828;221760;142758
09381;FEMEN FORTE CAP BLD 400MG CAJ*10;OTC;DIV FARMA;MEDICINAS;COMERCIAL;CAPSULA BLANDA;;8050;8050;-;16100;8050;-;-;8050
09391;VOLTAREN AEROSOL 1% FCO*85ML;OTC;DIV FARMA;MEDICINAS;COMERCIAL;AEROSOL;;2720;-;-;-;8160;2720;1360;1360
09852;TERMINEX SOL INHAL 2ML CAJ *1;OTC;DIVISION FARMACEUTIC;MEDICINAS;COMERCIAL;SOLUCION PARA INHALACION;;-;-;-;0;-;-;-;1346
09894;ALERGIN COMP 10MG CAJ*20;OTC;DIV FARMA;MEDICINAS;COMERCIAL;COMPRIMIDO;;14472;-;1206;-;1206;-;-;-
09917;VENOSTASIN RTD CAP 50MG CAJ*20;OTC;DIV FARMA;MEDICINAS;COMERCIAL;CAPSULA;;26859;6395;-;-;-;-;-;-
09920;COMPLEJO B ARISTON GRAGEAS CAJ*20;OTC;DIV FARMA;MEDICINAS;GENERICOS;GRAGEA;;-;-;55000;27500;-;55000;55000;82500
10245;VOLTAREN EMULGEL GEL 1% TUBO*60G;OTC;DIV FARMA;MEDICINAS;COMERCIAL;GEL;;-;1333;1333;-;3999;1333;-;1333
10305;COPED RECOLECTOR URINARIO PED NINA PAQ*1;OTC;DIV INSUMOS MEDICOS;DISPOSITIVOS-REACTIVOS;DISPOSITIVO NO INVASIVO;------------;;-;-;-;-;-;-;-;3930
10312;MOLAR-EX CAP 200/200MG CAJ*24;OTC;FIV FARMA;MEDICINAS;COMERCIAL;CAPSULA;;2600;-;2600;-;-;-;-;-
10314;NUTRALOGICS CAP LIQ FCO*30;OTC;FIV FARMA;MEDICINAS;COMERCIAL;CAPSULA LIQUIDA;;-;-;-;-;-;36480;-;-
10397;HANSAPLAST PARCH TRAN LEON 12X18CM PAQ*1;OTC;DIV DISPOSITIVO MED;MEDICINAS;COMERCIAL;PARCHE TRANSDERMICO;;-;1389;-;-;1389;2778;-;-
10409;TERSOVIT TAB REC 400UI CAJ*30;OTC;DIV FARMA;MEDICINAS;COMERCIAL;TABLETA RECUBIERTA;;-;-;1077;-;-;-;-;-
10862;ACTIVOX TAB MIEL-LIMON CAJ *16;OTC;DIV FARMA;MEDICINAS;NATURALES;TABLETA;;121968;40194;30492;41580;44352;119196;77616;5544
10863;ACTIVOX TAB MENTA-EUCALIPTO CAJ*16;OTC;DIV FARMA;MEDICINAS;NATURALES;TABLETA;;231963;130566;123621;158346;261132;245853;123621;108342
11342;COLLOPLUS SOL TOPICA FCO*20ML;OTC;DIVISION DELTA 1;MEDICINAS;COMERCIAL;SOLUCION TOPICA;;-;1386;2772;2772;1386;2772;4158;2772
12003;ACITIP COMP MAST 800/40MG CAJ*20;OTC;DIV FARMA;MEDICINAS;COMERCIAL;COMPRIMIDO MASTICABLE;;-;11104;11104;9716;18044;11104;31924;5552
12047;ANESTENKA SOL TOPICA TUBO*2ML;OTC;DIV FARMA;MEDICINAS;COMERCIAL;SOLUCION TOPICA;;-;-;-;-;-;1378;-;-
12079;BOROSAN GRANUL SUPER PLUS SOB 2G CAJ*10;OTC;DIV FARMA;MEDICINAS;COMERCIAL;GRANULADO;;8310;48475;51245;29085;16620;16620;33240;29085
12107;CLOMAZOL CREMA 0.220G TUBO*20G;OTC;DIV FARMA;MEDICINAS;COMERCIAL;CREMA;;-;1281;1281;-;1281;-;1281;1281
12108;CLOMAZOL 3 CREMA VAG 2% TUBO*20G;OTC;DIV FARMA;MEDICINAS;COMERCIAL;CREMA VAGINAL;;-;-;-;-;1259;-;-;1259
12120;DAVESOL P SHAMPOO 1G/100ML FCO*60ML;OTC;DIV FARMA;MEDICINAS;COMERCIAL;SHAMPOO;;-;-;968;-;-;-;-;-
12164;FERRO B COMPLEX JBE FCO*240ML;OTC;DIV FARMA;MEDICINAS;COMERCIAL;JARABE;;-;4122;1374;2748;-;4122;-;1374
12171;FUNGIREX CREMA TUBO*32G;OTC;DIV FARMA;MEDICINAS;COMERCIAL;CREMA;;2762;4143;1381;5524;4143;1381;1381;1381
12172;FUNGIREX POLVO FCO*90G;OTC;DIV FARMA;MEDICINAS;COMERCIAL;POLVO;;8322;12483;2774;4161;5548;9709;9709;6935
12173;FUNGIREX SOL TOPICA INCOLORO FCO*60ML;OTC;DIV FARMA;MEDICINAS;COMERCIAL;SOLUCION TOPICA;;4161;4161;11096;4161;5548;9709;5548;2774
12177;GINECOSAN POLVO RECONST HIGIENE INT*100G;OTC;DIV FARMA;MEDICINAS;COMERCIAL;POLVO;;477;-;-;-;-;-;-;-
12294;NORMOLAX GOTAS FCO*15ML;OTC;DIV FARMA;MEDICINAS;COMERCIAL;GOTAS ORALES;;5552;2776;8328;2776;1388;8328;5552;4164
12313;OTODYNE GOTAS OTIC FCO*13ML;OTC;DIV FARMA;MEDICINAS;COMERCIAL;GOTAS OTICAS;;1375;-;5500;2750;1375;2750;1375;1375
12317;PANALGESIC GEL FCO*60G;OTC;DIV FARMA;MEDICINAS;COMERCIAL;GEL;;1383;-;-;-;-;1383;-;-
12321;PANOXYL CARE CREMA 10% TUBO*30G;OTC;DIV FARMA;MEDICINAS;COMERCIAL;CREMA;;-;-;-;-;1249;1249;-;-
12322;PASSINERVAL ELIXIR FCO*240ML;OTC;DIV FARMA;MEDICINAS;NATURALES;ELIXIR;;-;1380;-;-;2760;1380;1380;1380
12336;POVIDYN JAB LIQUIDO FCO*120ML;OTC;DIV FARMA;MEDICINAS;COMERCIAL;JABON;;1337;2674;1337;-;-;1337;1337;1337
12337;POVIDYN SOL TOPICA FCO*120ML;OTC;DIV FARMA;MEDICINAS;COMERCIAL;SOLUCION TOPICA;;4155;6925;4155;4155;1385;2770;2770;4155
12372;RUBEXAL FS CREMA TUBO*30G;OTC;DIV FARMA;MEDICINAS;COMERCIAL;CREMA;;-;-;-;-;-;1104;-;-
12396;LIRA SOL FISIOLOGICA 0.9% FCO*60ML;OTC;DIVISION CONSUMO;MEDICINAS;COMERCIAL;SOLUCION TOPICA;;-;815;-;-;-;-;-;-
12399;LIRA SOL FISIOLOGICA 0.9% FCO*1000ML;OTC;DIVISION CONSUMO;MEDICINAS;COMERCIAL;SOLUCION TOPICA;;-;1009;-;-;-;-;-;-
12432;TOPIDENT SOL TOPICA BUCAL ADU FCO*10ML;OTC;DIV FARMA;MEDICINAS;COMERCIAL;SOLUCION TOPICA;;2772;4158;2772;1386;5544;-;1386;8316
12471;LIRA SOL AGUA OXIGENADA 10VOL FCO *120ML;OTC;DIVISION CONSUMO;MEDICINAS;COMERCIAL;SOLUCION TOPICA;;-;-;6850;2740;-;-;1370;-
12502;AC FOLICO ECU TAB 5MG FCO*100;OTC;DIV FARMA;MEDICINAS;GENERICOS;TABLETA;;555600;-;416700;-;277800;138900;138900;277800
12505;LIRA SOL AGUA OXIGENADA 10VOL FCO*1000ML;OTC;DIVISION CONSUMO;MEDICINAS;COMERCIAL;SOLUCION TOPICA;;5376;4032;2688;1344;2688;1344;4032;-
12511;COCIDERMIN UNG TUBO*30G;OTC;DIV FARMA;MEDICINAS;COMERCIAL;UNGÜENTO;;-;-;-;-;1320;-;1320;1320
12573;PANALGESIC GEL FCO*180G;OTC;DIV FARMA;MEDICINAS;COMERCIAL;GEL;;-;1377;1377;-;2754;1377;2754;1377
12640;ACETAGEN JBE 160MG/5ML UVA FCO*60ML;OTC;DIV FARMA;MEDICINAS;COMERCIAL;JARABE;;8460;-;705;-;705;1410;-;-
12641;ACETAGEN GOTAS 100MG/ML UVA FCO*30ML;OTC;DIV FARMA;MEDICINAS;COMERCIAL;GOTAS ORALES;;-;-;482;-;-;482;482;482
12729;DERMA T JAB ANTI-CASPA/SEB CAJ*100G;OTC;DIV FARMA;MEDICINAS;COMERCIAL;JABON;;-;-;1151;2302;-;1151;2302;-
12871;ORALSEPT SOL 0.05G CLASICO FCO*240ML;OTC;DIV FARMA;MEDICINAS;COMERCIAL;SOLUCION TOPICA;;-;-;-;4119;-;2746;2746;2746
12996;ABRILAR JBE 700MG/100ML FCO*100ML;OTC;DIV FARMA;MEDICINAS;NATURALES;JARABE;;9716;5552;4164;2776;2776;8328;5552;2776
13370;LIRA SOL AGUA OXIGENADA 10VOL FCO*60ML;OTC;DIVISION CONSUMO;MEDICINAS;COMERCIAL;SOLUCION TOPICA;;1129;-;1129;-;-;-;-;-
13389;ORALSEPT SOL MENTA FRESCA FCO*240ML;OTC;DIV FARMA;MEDICINAS;COMERCIAL;SOLUCION TOPICA;;-;-;-;2764;2764;5528;1382;5528
13474;VAGIL C CREMA VAG 1% TUBO*50G+6 APLICADO;OTC;DIV FARMA;MEDICINAS;COMERCIAL;CREMA VAGINAL;;-;-;-;-;-;1262;-;-
13502;FLEET ENEMA SOL RECT ADU FCO*133ML;OTC;DIV FARMA;MEDICINAS;COMERCIAL;SOLUCION RECTAL;;1386;-;1386;-;-;1386;-;1386
13581;ATOSYL JBE PED FRAMBUESA FCO*60ML;OTC;DIV FARMA;MEDICINAS;COMERCIAL;JARABE;;1232;-;2464;2464;1232;-;-;2464
13894;AERO-OM GOTAS 100MG/ML FCO*15ML;OTC;DIV FARMA;MEDICINAS;COMERCIAL;GOTAS ORALES;;1385;5540;4155;4155;-;-;1385;4155
15073;GYNO-CANESTEN OVU 200MG CAJ*3;OTC;DIV FARMA OTC;MEDICINAS;COMERCIAL;OVULO;;5552;-;5552;-;-;-;-;-
15107;HIRUDOID GEL 0.3% TUBO*20G;OTC;DIV FARMA;MEDICINAS;COMERCIAL;GEL;;-;-;1241;2482;2482;4964;2482;2482
16063;REFRESH TEARS SOL OFT 0.5% FCO*15ML;OTC;DIV FARMA;MEDICINAS;COMERCIAL;SOLUCION OFTALMICA;;-;-;-;-;-;-;-;2352
16977;DENTURE PAST DENT ENCIAS MENTA *100G;OTC;DIV FARMA;MEDICINAS;COMERCIAL;PASTA;;-;-;-;880;-;-;-;-
16979;BIRM SOL INMUNOMODULADOR *120ML;OTC;DIV FARMA;MEDICINAS;NATURALES;SOLUCION ORAL;;-;1365;-;-;-;-;-;-
17197;PYRALVEX SOL TOPICA DENTAL FCO*10ML;OTC;DIV FARMA;MEDICINAS;COMERCIAL;SOLUCION TOPICA;;-;-;-;-;-;1222;1222;-
17461;LINIMENTO OLIMPICO UNG FCO*115ML;OTC;DIV FARMA;MEDICINAS;COMERCIAL;UNGÜENTO;;8328;4164;12492;5552;1388;4164;5552;1388
17610;ANAUTIN TAB 50MG CAJ*100;OTC;DIV FARMA;MEDICINAS;COMERCIAL;TABLETA;;52880;39660;13220;26440;92540;92540;52880;145420
18987;ISLA CASSIS TAB CAJ*50;OTC;DIV FARMA;MEDICINAS;NATURALES;TABLETA;;-;-;-;-;-;-;33300;-
19705;FUNGIREX POLVO FCO*45G;OTC;DIV FARMA;MEDICINAS;COMERCIAL;POLVO;;2768;5536;-;4152;8304;4152;5536;5536
22206;LIRA FORMOL 37% FCO*1000ML;OTC;DIVISION CONSUMO;DISPOSITIVOS-REACTIVOS;DISPOSITIVO INVASIVO;------------;;-;-;-;-;802;-;-;-
23294;CIRUELAX JALEA LAXANTE FCO*150G;OTC;DIV FARMA;MEDICINAS;NATURALES;JALEA;;4122;2748;4122;4122;5496;2748;2748;2748
24405;COLESTIL CAP 30MG CAJ*20;OTC;FIV FARMA;MEDICINAS;COMERCIAL;CAPSULA;;38599;-;13310;-;5324;7986;26620;13310
24579;TRAUMEEL S POMADA TUBO*50G;OTC;DIV FARMA;MEDICINAS;HOMEOPATICOS;POMADA;;-;-;-;1295;1295;1295;-;-
28713;FORTICHEM GOTAS FCO*30ML;OTC;DIV FARMA;MEDICINAS;COMERCIAL;GOTAS ORALES;;-;-;-;-;-;-;1355;-
29065;TRI-BALL INSPIROMETRO *1;OTC;DIV DISPOSITIVO MED;DISPOSITIVOS-REACTIVOS;DISPOSITIVO NO INVASIVO;------------;;-;-;-;-;-;-;923;-
29666;OSCILLOCOCCINUM GLOBULOS CAJ*6;OTC;DIV FARMA;MEDICINAS;HOMEOPATICOS;GLOBULOS;;22128;11064;26277;33192;30426;51171;16596;-
0000100039;TON WAS SOL BEBIBLE 10ML CAJ*10;OTC;DIV FARMA OTC;MEDICINAS;COMERCIAL;SOLUCION ORAL;;22208;31924;13880;29148;36088;18044;34700;29148
0000100079;DENSIBONE D TAB REC 1500MG/300UI FCO*30;OTC;DIV FARMA;MEDICINAS;COMERCIAL;TABLETA RECUBIERTA;;-;-;-;40680;-;40680;-;40680
0000100732;MICOZ POLVO DES FUNGICIDA FCO*90G;OTC;DIV FARMA;MEDICINAS;COMERCIAL;POLVO;;-;-;-;-;-;1012;-;-
0000100742;CEBION MINIS TAB MAST 100MG SOB 45 *10;OTC;DIV FARMA;MEDICINAS;COMERCIAL;TABLETA MASTICABLE;;-;-;-;3762;1254;2508;-;3762
0000101699;DEGRALER COMP REC 5MG CAJ*10;OTC;DIV FARMA;MEDICINAS;COMERCIAL;COMPRIMIDO RECUBIERTO;;83340;-;1389;1389;15279;62505;66672;26391
0000101820;BERIFEN PATCH PARCH TRAN 140MG CAJ *5;OTC;DIV FARMA;MEDICINAS;COMERCIAL;PARCHE TRANSDERMICO;;6540;-;-;-;-;-;-;-
0000101868;NODOREX POLVO FUNGICIDA PIES FCO*90G;OTC;DIV FARMA OTC;MEDICINAS;COMERCIAL;POLVO;;-;-;-;-;1026;-;1026;1026
0000101880;ENTEROGERMINA SUSP 2 MILLARDOS/5ML *10;OTC;DIV FARMA CHC;MEDICINAS;COMERCIAL;SUSPENSION;;98619;94452;86118;83340;100008;119454;177792;120843
0000101950;FLUZETRIN F CAP BLD CAJ*10;OTC;DIV FARMA;MEDICINAS;COMERCIAL;CAPSULA BLANDA;;49968;13880;23596;72176;-;19432;-;13880
0000102040;YODOSALIL UNG 12G CAJ*12;OTC;DIV FARMA;MEDICINAS;COMERCIAL;UNGÜENTO;;-;2112;1056;-;1056;-;-;-
0000103578;GARDEN GEL ANALG/ANTIINFL FCO*120G;OTC;DIV FARMA;MEDICINAS;COMERCIAL;GEL;;9436;8088;4044;6740;1348;4044;4044;4044
0000103703;ARKOVOX PROPOLIS JBE FCO *150ML;OTC;DIV FARMA;MEDICINAS;NATURALES;JARABE;;8322;2774;1387;5548;6935;4161;4161;-
0000103827;CIRUELAX POLVO TE LAXANTE CAJ*10;OTC;DIV FARMA;MEDICINAS;NATURALES;POLVO;;2600;1300;1300;6500;-;5200;5200;-
0000103894;EPIHIERRO POLVO 100MG SOB 3G CAJ*20;OTC;FIV FARMA;MEDICINAS;COMERCIAL;POLVO;;-;-;-;-;-;13020;-;-
0000103897;DIGESTA CAP BLD 250MG CAJ*20;OTC;DIV FARMA;MEDICINAS;COMERCIAL;CAPSULA BLANDA;;35828;-;-;2756;2756;62010;6890;-
0000103901;DESPERTOL TAB 100MG CAJ*4;OTC;DIV FARMA;MEDICINAS;COMERCIAL;TABLETA;;-;1104;1104;3312;1104;3312;-;-
0000103925;ISLAMINT TAB CAJ*50;OTC;DIV FARMA;MEDICINAS;NATURALES;TABLETA;;31809;45639;44256;22128;13830;30426;35958;11064
0000104101;FARMANOVA SOL ALCOHOL 70 ANTISEPT*GALON;OTC;DIV COSMETICOS;MEDICINAS;COMERCIAL;SOLUCION TOPICA;;1358;1358;1358;-;1358;-;-;-
0000104257;GELCAVIT Q-10 CAP LIQ CAJ*30;OTC;DIV FARMA;MEDICINAS;COMERCIAL;CAPSULA LIQUIDA;;-;-;-;12280;-;-;-;24560
0000104258;GELCAVIT NATAL CAP LIQ CAJ *30;OTC;DIV FARMA;MEDICINAS;COMERCIAL;CAPSULA LIQUIDA;;5216;53464;39120;39120;-;39120;-;-
0000104520;FINALIN TAB MAST 160MG NIÑOS CAJ*30;OTC;DIV FARMA;MEDICINAS;COMERCIAL;TABLETA MASTICABLE;;36930;24620;73860;86170;86170;73860;-;36930
0000104569;YODOSALIL GEL TUBO*60G;OTC;DIV FARMA;MEDICINAS;COMERCIAL;GEL;;1160;1160;-;1160;-;-;1160;-
0000104679;KALOBA GOTAS FCO*20ML;OTC;DIVISION MEDIHEALTH;MEDICINAS;NATURALES;GOTAS ORALES;;-;2762;-;1381;-;1381;-;-
0000105160;LEVOCET CAP LIQ 5MG CAJ*10;OTC;DIV FARMA;MEDICINAS;COMERCIAL;CAPSULA LIQUIDA;;66624;45804;61072;123532;63848;106876;44416;13880
0000105931;PROPOLIS GOTAS FCO*30ML;OTC;DIV FARMA;MEDICINAS;NATURALES;GOTAS ORALES;;-;-;-;-;1349;-;-;-
0000106083;ENZIMOL Q10 CAP CAJ*20;OTC;DIV FARMA;MEDICINAS;COMERCIAL;CAPSULA;;-;-;13160;26320;-;-;-;-
0000106107;NERVINETAS COMP REC CAJ*15;OTC;DIV FARMA;MEDICINAS;NATURALES;COMPRIMIDO RECUBIERTO;;19432;31924;29148;26372;34700;23596;54132;4164
0000106455;INSOCAPS CAP LIQ CAJ*30;OTC;DIV FARMA;MEDICINAS;NATURALES;CAPSULA LIQUIDA;;43872;-;17823;-;68550;-;2742;-
0000107290;ACCU-CHEK@@PERFORMA TIRAS REACTIVAS *50;OTC;DIV DISPOSITIVO MED;DISPOSITIVOS-REACTIVOS;BIOQUIMICOS;------------;;1165;-;-;-;-;-;-;-
0000107766;DEGRALER JBE 2.5MG/5ML FCO*100ML;OTC;DIV FARMA;MEDICINAS;COMERCIAL;JARABE;;1388;2776;4164;1388;4164;2776;6940;1388
0000107767;DEGRALER GOTAS 5MG/ML FCO*15ML;OTC;DIV FARMA;MEDICINAS;COMERCIAL;GOTAS ORALES;;-;-;-;1375;-;-;-;-
0000107769;EUCAMIEL JBE FCO*120ML;OTC;DIV FARMA;MEDICINAS;NATURALES;JARABE;;2776;8328;1388;4164;2776;9716;2776;-
0000107965;STEVIA LIFE ENDULZ SOB 1G CAJ*50;OTC;DIV ALIM MINIMARKET;MEDICINAS;NATURALES;POLVO;;-;-;-;748;-;-;-;-
0000107966;STEVIA LIFE ENDULZ SOB 1G CAJ*100;OTC;DIV ALIM MINIMARKET;MEDICINAS;NATURALES;POLVO;;-;-;-;-;-;-;1023;-
0000108301;EUCAMIEL JBE FCO*240ML;OTC;DIV FARMA;MEDICINAS;NATURALES;JARABE;;1374;1374;1374;5496;4122;10992;2748;2748
0000108337;BEROCCA PERFORMANCE COMP LAQ CAJ *30;OTC;DIV FARMA OTC;MEDICINAS;COMERCIAL;COMPRIMIDO LAQUEADO;;-;-;654;-;-;-;-;-
0000108664;OPTIVE SOL OFT 0.5/0.9% FCO*15ML;OTC;DIV FARMA;MEDICINAS;COMERCIAL;SOLUCION OFTALMICA;;3387;2258;2258;2258;1129;3387;-;1129
0000108755;PHARMATON KIDDI JBE FCO*200ML;OTC;DIV FARMA CHC;MEDICINAS;COMERCIAL;JARABE;;-;-;1365;-;-;1365;-;1365
0000108800;FORCAPIL CAP CAJ*60;OTC;DIV FARMA;MEDICINAS;COMERCIAL;CAPSULA;;-;155640;-;-;-;-;-;-
0000109169;LUVIS SOL OFT FCO*15ML;OTC;DIV FARMA OTC;MEDICINAS;COMERCIAL;SOLUCION OFTALMICA;;-;-;-;-;-;-;1382;-
0000109177;SEBONIL EMULSION WASH FCO*120ML;OTC;DIV FARMA;MEDICINAS;COMERCIAL;EMULSION;;-;-;-;-;-;-;1310;1310
0000109549;BEROCCA PERFORMANCE COMP EFERV FCO*10;OTC;DIV FARMA OTC;MEDICINAS;COMERCIAL;COMPRIMIDO EFERVESCENTE;;-;-;-;1376;4128;1376;-;1376
0000110396;FARMANOVA SOL ALCOHOL 70 SPR*500ML;OTC;DIV COSMETICOS;MEDICINAS;COMERCIAL;SOLUCION TOPICA;;2654;1327;2654;-;-;1327;-;1327
0000110878;FISIOL UB SOL SPR 9MG/ML FCO*40ML;OTC;DIV FARMA;MEDICINAS;COMERCIAL;SOLUCION TOPICA;;-;3987;1329;3987;1329;-;-;1329
0000110889;LACTULOSA ACROMAX JBE 3.33G/5ML *220ML;OTC;DIV FARMA;MEDICINAS;GENERICOS;JARABE;;-;-;-;1259;-;-;-;-
0000111532;ABRILAR COMP EFERV 65MG CAJ *10;OTC;DIV FARMA;MEDICINAS;NATURALES;COMPRIMIDO EFERVESCENTE;;-;-;-;1282;1282;1282;-;-
0000111554;BUPREX FLASH CAP BLD 200MG CAJ*10;OTC;DIV FARMA;MEDICINAS;COMERCIAL;CAPSULA BLANDA;;-;-;-;-;41370;-;-;-
0000111555;BUPREX FLASH CAP LIQ 400MG CAJ*10;OTC;DIV FARMA;MEDICINAS;COMERCIAL;CAPSULA LIQUIDA;;283356;301413;326415;250020;290301;279189;166680;230574
0000112662;SAL ANDREWS POLVO EFER ORIGINAL CAJ*12;OTC;DIV FARMA;MEDICINAS;COMERCIAL;POLVO EFERVESCENTE;;4065;5420;2710;2710;1355;4065;2710;1355
0000112841;BEROCCA PERFORMANCE COMP EFERV FCO*30;OTC;DIV FARMA OTC;MEDICINAS;COMERCIAL;COMPRIMIDO EFERVESCENTE;;-;1326;-;-;1326;1326;-;-
0000113037;ABRILAR JBE 700MG/100ML FCO*200ML;OTC;DIV FARMA;MEDICINAS;NATURALES;JARABE;;2758;1379;1379;2758;2758;2758;4137;-
0000113128;ESCAPEL COMP 1.5MG CAJ *1;OTC;DIV FARMA;MEDICINAS;COMERCIAL;COMPRIMIDO;;40223;51319;36062;41610;65189;63802;54093;54093
0000113845;ENTEROGERMINA@@CAP 2 MILLARDOS CAJ*12;OTC;DIV FARMA CHC;MEDICINAS;COMERCIAL;CAPSULA;;-;-;9500;-;-;-;-;-
0000114085;ORALYTE POLVO MANZANA SOB CAJ*10;OTC;DIV FARMA;MEDICINAS;COMERCIAL;POLVO;;23239;12303;2734;1367;15037;23239;2734;20505
0000114086;ORALYTE POLVO COCO SOB CAJ*10;OTC;DIV FARMA;MEDICINAS;COMERCIAL;POLVO;;-;1385;2770;1385;12465;4155;13850;13850
0000114087;ORALYTE POLVO FRESA SOB CAJ*10;OTC;DIV FARMA;MEDICINAS;COMERCIAL;POLVO;;5540;9695;2770;1385;9695;12465;5540;2770
0000114676;BABY DERM CREMA ANTI-PANALITIS TUBO*100G;OTC;DIVISION CONSUMO;MEDICINAS;COMERCIAL;CREMA;;-;1040;-;-;-;-;-;-
0000115661;COLESTIL POLVO SOB 2.5G CAJ*10;OTC;FIV FARMA;MEDICINAS;COMERCIAL;POLVO;;30820;10720;5360;10720;8040;13400;14740;14740
0000115838;LIRA SOL FISIOLOGICA 0.9% FCO *45ML;OTC;DIVISION CONSUMO;MEDICINAS;COMERCIAL;SOLUCION TOPICA;;979;-;-;-;-;-;-;-
0000115840;ABEJALIN KIDS JBE PROPOLEO/JALEA *120ML;OTC;DIV NATURALES;MEDICINAS;NATURALES;JARABE;;859;-;-;-;-;-;859;859
0000116278;NUTRIZYM PLUS@@GRAGEAS CAJ*40;OTC;DIV FARMA;MEDICINAS;COMERCIAL;GRAGEA;;6536;-;9804;6536;-;3268;817;-
0000116379;HEPALIVE FORTE CAP CAJ*40;OTC;DIV FARMA;MEDICINAS;COMERCIAL;CAPSULA;;625500;166800;125100;569900;681100;750600;458700;375300
0000116689;ASPIRINA ADVANCE TAB 650/65MG CAJ*40;OTC;DIV FARMA OTC;MEDICINAS;COMERCIAL;TABLETA;;70686;151074;36036;34650;48510;73458;76230;54054
0000116724;GASTROGEL SUSP 800/60MG/10ML FCO*200ML;OTC;DIV FARMA;MEDICINAS;COMERCIAL;SUSPENSION;;980;-;-;-;-;-;-;-
0000116739;GERIMAX TAB INSTANT ENERGY CAJ*30;OTC;DIV COSMETICOS;MEDICINAS;NATURALES;TABLETA;;-;-;-;-;-;-;7984;18962
0000116826;PEDIALYTE 30 ACT SOL ORAL COCO *500ML;OTC;DIV ALIM NUTRICION;MEDICINAS;COMERCIAL;SOLUCION ORAL;;1370;-;-;-;-;2740;-;1370
0000116827;PEDIALYTE 30 ACT SOL ORAL CEREZA *500ML;OTC;DIV ALIM NUTRICION;MEDICINAS;COMERCIAL;SOLUCION ORAL;;1359;2718;-;-;1359;-;-;-
0000116829;PEDIALYTE ACTIVE 30 SOL ORAL MANZ *500ML;OTC;DIV ALIM NUTRICION;MEDICINAS;COMERCIAL;SOLUCION ORAL;;-;1324;-;-;-;-;-;-
0000116830;PEDIALYTE 45 SOL ORAL FRESA *500ML;OTC;DIV ALIM NUTRICION;MEDICINAS;COMERCIAL;SOLUCION ORAL;;4122;12366;6870;-;6870;4122;4122;1374
0000116832;PEDIALYTE 60 MAX SOL ORAL MANZANA *500ML;OTC;DIV ALIM NUTRICION;MEDICINAS;COMERCIAL;SOLUCION ORAL;;6930;5544;2772;12474;-;12474;16632;4158
0000116833;PEDIALYTE 60 MAX SOL ORAL UVA *500ML;OTC;DIV ALIM NUTRICION;MEDICINAS;COMERCIAL;SOLUCION ORAL;;9716;8328;6940;-;1388;16656;9716;4164
0000117424;ENDIAL DIGEST COMP REC CAJ*20;OTC;DIV FARMA;MEDICINAS;COMERCIAL;COMPRIMIDO RECUBIERTO;;13890;6945;4167;-;16668;33336;4167;11112
0000118304;DEGRALER FORTE JBE 5MG/5ML FCO*100ML;OTC;DIV FARMA;MEDICINAS;COMERCIAL;JARABE;;-;-;-;-;1368;-;-;1368
0000118388;ENCIDENT SOL TOPICA PROFESIONAL *500ML;OTC;DIV COSMETICOS;MEDICINAS;COMERCIAL;SOLUCION TOPICA;;-;-;-;-;2588;-;-;1294
0000118642;NEOGRIPAL F CAP BLD CAJ*100;OTC;DIV FARMA;MEDICINAS;COMERCIAL;CAPSULA BLANDA;;21328;9331;18662;27993;29326;34658;34658;5332
0000118716;NEOGRIPAL F CAP BLD CAJ*10;OTC;DIV FARMA;MEDICINAS;COMERCIAL;CAPSULA BLANDA;;-;2658;2658;1329;-;1329;3987;-
0000119204;ASPIRINA ADVANCED POLVO EFERV SOB CAJ*20;OTC;DIV FARMA OTC;MEDICINAS;COMERCIAL;POLVO EFERVESCENTE;;209739;158346;184737;143067;162513;136122;205572;184737
0000119583;VAPORAL INHALADOR TUBO*10G;OTC;DIV FARMA;MEDICINAS;COMERCIAL;SOLUCION NASAL;;2072;3108;3108;-;4144;3108;6216;1036
0000119747;KONABON SHAMPOO 2/2% FCO*150ML;OTC;DIV FARMA;MEDICINAS;COMERCIAL;SHAMPOO;;-;-;2722;-;1361;-;1361;1361
0000119906;MEDICASP SHAMPOO FCO*130ML;OTC;DIV COSMETICOS;MEDICINAS;COMERCIAL;SHAMPOO;;1383;-;1383;2766;-;-;1383;1383
0000119964;KALOBA GOTAS FCO*50ML;OTC;DIV FARMA;MEDICINAS;NATURALES;GOTAS ORALES;;2768;2768;1384;4152;5536;5536;1384;1384
0000119996;SYSTANE ULTRA SOL OFT 0.4/0.3% *10ML;OTC;DIV FARMA;MEDICINAS;COMERCIAL;SOLUCION OFTALMICA;;4167;2778;4167;4167;2778;2778;4167;2778
0000120317;BUCAGEL GEL TOPICO BUCAL TUBO*9.5G;OTC;DIV FARMA;MEDICINAS;COMERCIAL;GEL;;1325;1325;-;-;1325;1325;-;-
0000120360;PROSTALEX CAP CAJ*40;OTC;DIV FARMA;MEDICINAS;NATURALES;CAPSULA;;105680;52840;52840;105680;52840;-;52840;-
0000120453;LOMECAN V CREMA VAG 2% TUBO*20G;OTC;DIV COSMETICOS;MEDICINAS;COMERCIAL;CREMA VAGINAL;;13890;5556;2778;9723;8334;6945;9723;5556
0000120669;HISTACALM CLEAR LOCION FCO*100ML;OTC;DIV FARMA;MEDICINAS;COMERCIAL;LOCION;;1367;-;-;-;-;2734;5468;6835
0000120946;COLON LIVE POLVO FCO*500G;OTC;DIV FARMA;MEDICINAS;NATURALES;POLVO;;-;-;962;-;-;-;-;-
0000120989;DUPHALAC JBE 66.7G/100ML FCO*200ML;OTC;DIV FARMA;MEDICINAS;COMERCIAL;JARABE;;1378;1378;2756;5512;-;9646;-;4134
0000121312;ALKA SELTZER BOOST TAB EFERV CAJ*10;OTC;DIV FARMA OTC;MEDICINAS;COMERCIAL;TABLETA EFERVESCENTE;;195849;116676;79173;76395;81951;95841;131955;104175
0000121485;ALLEGRA SUSP 30MG/5ML PED FCO*150ML;OTC;DIV FARMA CHC;MEDICINAS;COMERCIAL;SUSPENSION;;-;1365;1365;1365;-;-;-;-
0000121516;APEVITIN BC JBE CEREZA FCO*240ML;OTC;DIV FARMA;MEDICINAS;COMERCIAL;JARABE;;-;-;-;1385;-;1385;2770;2770
0000121587;TEARSOFT SOL OFT 5MG/ML FCO*15ML;OTC;DIV FARMA;MEDICINAS;COMERCIAL;SOLUCION OFTALMICA;;-;-;-;-;-;-;3423;-
0000121674;APYRAL JBE 160MG/5ML FRESA FCO*120ML;OTC;DIV FARMA;MEDICINAS;COMERCIAL;JARABE;;-;-;-;1381;-;-;-;-
0000121776;NIKZON TAB MAST HEMORROIDES CAJ*90;OTC;DIV COSMETICOS;MEDICINAS;NATURALES;TABLETA MASTICABLE;;235960;374760;55520;263720;180440;277600;277600;299808
0000121834;QG5 TAB CAJ *30;OTC;DIV COSMETICOS;MEDICINAS;NATURALES;TABLETA;;54015;-;55400;5540;8310;9695;2770;52630
0000121945;CREON 25 000 CAP 300MG CAJ*20;OTC;DIV FARMA;MEDICINAS;COMERCIAL;CAPSULA;;-;12690;5076;-;2538;2538;-;-
0000122042;CRISTALTEARS SOL OFT 0.5% FCO*10ML;OTC;DIVISION POEN;MEDICINAS;COMERCIAL;SOLUCION OFTALMICA;;-;-;-;2728;-;-;-;-
0000122407;ESSENTIALE CAP 300MG CAJ*30;OTC;DIV FARMA CHC;MEDICINAS;COMERCIAL;CAPSULA;;3879;3879;18102;5172;-;2586;-;-
0000122508;DUOPAS CAP BLD 400/20MG CAJ *10;OTC;DIV FARMA;MEDICINAS;COMERCIAL;CAPSULA BLANDA;;23613;47226;50004;81951;51393;48615;56949;66672
0000122532;LOMAZOL COMP REC 5MG CAJ*10;OTC;DIV FARMA;MEDICINAS;COMERCIAL;COMPRIMIDO RECUBIERTO;;-;12330;1233;12330;20961;16029;23427;13563
0000122594;OVARINA CAP CAJ*40;OTC;DIV FARMA;MEDICINAS;NATURALES;CAPSULA;;-;-;-;-;-;-;-;1284
0000122749;KUFER Q RECARGADO CAP 170/30MG CAJ*30;OTC;FIV FARMA;MEDICINAS;COMERCIAL;CAPSULA;;8250;-;13750;5500;2750;-;49500;1375
0000122775;ARKOLAGEN PLUS POLVO SACHET 11G CAJ*14;OTC;DIV FARMA;MEDICINAS;COMERCIAL;POLVO;;69100;-;-;40078;-;38696;22112;58044
0000122777;CYS CONTROL POLVO SACHET 5G CAJ*14;OTC;DIV FARMA;MEDICINAS;NATURALES;POLVO;;9625;34375;1375;-;5500;34375;-;5500
0000123014;NEOLAX POLVO 100G FCO*250G;OTC;DIV FARMA;MEDICINAS;COMERCIAL;POLVO;;1297;-;2594;-;-;-;-;-
0000123034;SIMARIN Q FORTE CAP CAJ*20;OTC;DIV FARMA OTC;MEDICINAS;COMERCIAL;CAPSULA;;-;5604;11208;-;-;-;-;-
0000123045;TOPIDENT PLUS SOL TOPICA BUCAL INF *10ML;OTC;DIV FARMA;MEDICINAS;COMERCIAL;SOLUCION TOPICA;;2766;-;2766;5532;-;0;2766;5532
0000123121;KUFER Q FORTE CAP 140/10MG CAJ*30;OTC;FIV FARMA;MEDICINAS;COMERCIAL;CAPSULA;;141678;297246;101397;140289;138900;65283;95841;33336
0000123453;MENTHOLATUM UNG FCO *85G;OTC;DIV FARMA;MEDICINAS;COMERCIAL;UNGÜENTO;;2720;1360;4080;-;-;2720;-;2720
0000124071;SISDIAL COMP REC CAJ*20;OTC;DIV FARMA;MEDICINAS;COMERCIAL;COMPRIMIDO RECUBIERTO;;-;-;8435;1205;2410;-;-;-
0000124109;NIMPAS TAB REC 200/30MG CAJ*20;OTC;DIV FARMA;MEDICINAS;COMERCIAL;TABLETA RECUBIERTA;;1343;8058;2686;2686;8058;9401;25517;14773
0000124110;ECE CAP 200/200MG CAJ*30;OTC;DIV FARMA;MEDICINAS;COMERCIAL;CAPSULA;;-;-;-;-;-;-;-;17280
0000124206;PARALGEN JBE 150MG/5ML FRU ROJ FCO*120ML;OTC;DIV FARMA OTC;MEDICINAS;COMERCIAL;JARABE;;5324;13310;15972;10648;15972;7986;6655;2662
0000124229;FARMANOVA AGUA OXIGENAD SOL 10VOL *120ML;OTC;DIV COSMETICOS;MEDICINAS;COMERCIAL;SOLUCION TOPICA;;10960;6850;6850;8220;15070;16440;20550;5480
0000124296;MULTIFLORA POLVO 1 X 10E9 UFC SOB 1G *14;OTC;DIV FARMA;MEDICINAS;COMERCIAL;POLVO;;2778;13890;8334;40281;25002;61116;19446;50004
0000124362;CAL-MAG-ZINC-VIT D XTRALIFE TAB REC *100;OTC;DIV NATURAL;MEDICINAS;GENERICOS;TABLETA RECUBIERTA;;-;495;-;-;-;-;-;-
0000124801;DAYAMIN EMULSION PED FCO*120ML;OTC;DIV FARMA;MEDICINAS;COMERCIAL;EMULSION;;-;-;-;1318;-;-;-;-
0000124849;FLUIDINE TAB EFERV 600MG CAJ*20;OTC;DIV FARMA;MEDICINAS;COMERCIAL;TABLETA EFERVESCENTE;;5188;-;-;-;15564;25940;-;-
0000124965;TRAUMALIV CAP FCO*30;OTC;DIV NATURAL;MEDICINAS;NATURALES;CAPSULA;;-;-;-;498;498;-;-;-
0000124986;CIRUELAX FORTE COMP REC 125MG CAJ*24;OTC;DIV FARMA;MEDICINAS;NATURALES;COMPRIMIDO RECUBIERTO;;-;-;-;-;1373;-;1373;1373
0000125113;GENFARGRIP TAB TRIPLE ACCION CAJ*12;OTC;DIV FARMA;MEDICINAS;COMERCIAL;TABLETA;;30514;263530;438292;463258;682404;660212;233016;233016
0000125136;LAGRIMAS ARTIF SANTE SOL OFT FCO*15ML;OTC;DIV FARMA;MEDICINAS;GENERICOS;SOLUCION OFTALMICA;;1381;2762;1381;1381;2762;1381;4143;-
0000125148;DIGERIL FORTE SUSP FCO*200ML;OTC;DIV FARMA;MEDICINAS;COMERCIAL;SUSPENSION;;2768;2768;1384;2768;-;1384;-;-
0000125193;FINALIN FEM TAB REC 325/200MG CAJ*30;OTC;DIV FARMA;MEDICINAS;COMERCIAL;TABLETA RECUBIERTA;;-;-;-;-;10130;-;-;-
0000125443;HIDRAPLUS 75 + ZINC SOL UVA FCO*400ML;OTC;ETICOS TQ;MEDICINAS;COMERCIAL;SOLUCION ORAL;;2764;2764;2764;6910;6910;8292;-;2764
0000125444;HIDRAPLUS 75 + ZINC SOL CEREZA FCO*400ML;OTC;ETICOS TQ;MEDICINAS;COMERCIAL;SOLUCION ORAL;;1361;2722;-;4083;2722;9527;2722;5444
0000125459;FEMELAC OVU 190MG CAJ*10;OTC;DIV FARMA;MEDICINAS;COMERCIAL;OVULO;;10970;-;-;-;10970;-;-;-
0000126356;DIGERIL SUSP 800/60MG/10ML FCO*200ML;OTC;DIV FARMA;MEDICINAS;COMERCIAL;SUSPENSION;;4161;-;1387;2774;5548;5548;8322;1387
0000126394;FORTZINK CAP BLD 20MG CAJ*20;OTC;DIV FARMA;MEDICINAS;COMERCIAL;CAPSULA BLANDA;;-;-;-;-;26520;-;-;-
0000126395;FORTZINK GOTAS 10MG/ML VAINILLA FCO*30ML;OTC;DIV FARMA;MEDICINAS;COMERCIAL;GOTAS ORALES;;-;-;1330;-;-;-;-;-
0000126507;ACITIP NF GEL 800/100MG/10ML FCO*250ML;OTC;DIV FARMA;MEDICINAS;COMERCIAL;GEL ORAL;;2772;-;1386;1386;-;2772;2772;-
0000126602;LACTIBON FEM OVU 190MG CAJ*7;OTC;DIV FARMA;MEDICINAS;COMERCIAL;OVULO;;-;7714;-;-;-;-;-;-
0000126607;FLURITOX F CAP CAJ*30;OTC;DIV FARMA;MEDICINAS;COMERCIAL;CAPSULA;;-;-;76620;38310;-;12770;-;-
0000126793;HIDRAPLUS 75 + ZINC SOL COCO FCO*400ML;OTC;ETICOS TQ;MEDICINAS;COMERCIAL;SOLUCION ORAL;;2708;1354;2708;6770;1354;5416;-;-
0000127010;ENTEROGERMINA PLUS SUSP 4 MILLARDOS/5ML;OTC;DIV FARMA CHC;MEDICINAS;COMERCIAL;SUSPENSION;;58338;63894;61116;66672;69450;87507;176403;116676
0000127049;MAGANYL SUSP 800/60MG/10ML FCO*240ML;OTC;DIV FARMA;MEDICINAS;COMERCIAL;SUSPENSION;;-;-;1075;-;-;-;-;-
0000127056;KALOBA COMP REC 20MG CAJ*15;OTC;DIVISION MEDIHEALTH;MEDICINAS;NATURALES;COMPRIMIDO RECUBIERTO;;-;-;-;-;-;20400;-;-
0000127096;HIDRAPLUS 45 + ZINC SOL MANZAN FCO*400ML;OTC;ETICOS TQ;MEDICINAS;COMERCIAL;SOLUCION ORAL;;1380;5520;1380;5520;6900;17940;5520;2760
0000127097;HIDRAPLUS 45 + ZINC SOL UVA FCO*400ML;OTC;ETICOS TQ;MEDICINAS;COMERCIAL;SOLUCION ORAL;;1351;-;1351;-;4053;1351;1351;4053
0000127098;HIDRAPLUS 45 + ZINC SOL FRESA FCO*400ML;OTC;ETICOS TQ;MEDICINAS;COMERCIAL;SOLUCION ORAL;;6900;2760;1380;6900;16560;9660;2760;12420
0000127248;FORTZINK JBE 20MG/5ML FCO*120ML;OTC;DIV FARMA;MEDICINAS;COMERCIAL;JARABE;;-;2772;2772;1386;4158;2772;-;1386
0000127360;HEPABIONTA PLUS CAP CAJ*40;OTC;DIV FARMA;MEDICINAS;COMERCIAL;CAPSULA;;-;2196;2196;-;-;-;-;-
0000127973;TUSSOLVINA FIT JBE 2/20MG/ML FCO*120ML;OTC;DIV FARMA;MEDICINAS;COMERCIAL;JARABE;;-;-;-;-;1106;-;-;-
0000128099;ACEITE DE RICINO WEIR SOL OLEO FCO*30ML;OTC;DIVISION CONSUMO;MEDICINAS;GENERICOS;SOLUCION ORAL;;-;6390;-;-;-;2556;2556;-
0000128106;AGUA GOULARD WEIR SOL TOPICA FCO*120ML;OTC;DIVISION CONSUMO;MEDICINAS;GENERICOS;SOLUCION TOPICA;;-;-;-;3297;3297;1099;-;-
0000128127;ENERVITAL SOL SHOT FCO*60ML;OTC;DIV NATURAL;MEDICINAS;NATURALES;SOLUCION ORAL;;-;-;-;-;971;-;-;-
0000128194;MARIMER BABY SPR NASAL ISOTONICO *100ML;OTC;DIV NATURAL;MEDICINAS;NATURALES;SPRAY;;-;1384;2768;1384;2768;-;2768;1384
0000128195;MARIMER BABY SPR NASAL HIPERTONIC *100ML;OTC;DIV NATURAL;MEDICINAS;NATURALES;SPRAY;;-;-;-;-;-;-;1382;-
0000128252;ACEITE DE RICINO WEIR SOL OLEO FCO*60ML;OTC;DIVISION CONSUMO;MEDICINAS;GENERICOS;SOLUCION ORAL;;2430;4860;-;1215;-;-;2430;-
0000128472;PARALGEN CAP BLD 500MG CAJ*30;OTC;DIV FARMA OTC;MEDICINAS;COMERCIAL;CAPSULA BLANDA;;-;-;-;-;-;-;20460;-
0000128689;TRAUMALIV CAP 2 POR C/SACHET CAJ*30;OTC;DIV NATURAL;MEDICINAS;NATURALES;CAPSULA;;-;-;-;-;-;596;-;9536
0000128730;FLORATIL POLVO SUSP 250MG SOB CAJ*10;OTC;DIV FARMA;MEDICINAS;COMERCIAL;POLVO PARA SUSPENSION;;15235;6925;8310;2770;11080;23545;8310;15235
0000128763;NISTADERM CREMA TUBO*30G;OTC;DIV FARMA;MEDICINAS;COMERCIAL;CREMA;;-;1379;-;1379;1379;1379;2758;-
0000128787;UMBRAL JBE 150MG/5ML INF CEREZ FCO*120ML;OTC;DIV FARMA;MEDICINAS;COMERCIAL;JARABE;;15279;8334;9723;8334;5556;11112;8334;6945
0000128938;PANVIT JBE ADULTOS MAYORES FCO*120ML;OTC;DIV FARMA;MEDICINAS;COMERCIAL;JARABE;;-;-;2262;1131;-;-;-;-
0000128946;FARMANOVA SOL ALCOHOL 70 SPR*120ML;OTC;DIV COSMETICOS;MEDICINAS;COMERCIAL;SOLUCION TOPICA;;8310;2770;5540;11080;5540;8310;15235;15235
0000128980;ACETAGEN SOFTGEL CAP BLD 500MG CAJ*30;OTC;DIV FARMA;MEDICINAS;COMERCIAL;CAPSULA BLANDA;;202880;197808;277692;43112;41844;63400;92564;91296
0000129091;VITANGO COMP REC 200MG CAJ*30;OTC;DIV FARMA;MEDICINAS;NATURALES;COMPRIMIDO RECUBIERTO;;-;-;15119;-;-;-;-;-
0000129475;FINALIN MUSCULAR TAB REC 575MG CAJ*20;OTC;DIV FARMA;MEDICINAS;COMERCIAL;TABLETA RECUBIERTA;;16356;17719;20445;12267;25897;4089;2726;8178
0000129507;CANESFORTE PLUS CREMA TUBO*15G;OTC;DIV FARMA OTC;MEDICINAS;COMERCIAL;CREMA;;-;-;-;-;1222;-;-;-
0000129531;MOLAR-EX FORTE CAP 400/200MG CAJ*20;OTC;FIV FARMA;MEDICINAS;COMERCIAL;CAPSULA;;16116;21488;36261;16116;17459;25517;22831;29546
0000129560;NEOLAX POLVO 100G SOB 17G CAJ*10;OTC;DIV FARMA;MEDICINAS;COMERCIAL;POLVO;;-;-;-;-;13560;-;-;-
0000129583;BERIFEN GEL 1% TUBO*50G;OTC;DIV FARMA;MEDICINAS;COMERCIAL;GEL;;-;-;-;-;2674;1337;2674;-
0000129617;RECORDERIS TAB REC MEMORY+ENERGY FCO*30;OTC;DIV FARMA OTC;MEDICINAS;COMERCIAL;TABLETA RECUBIERTA;;-;-;-;1367;-;-;-;1367
0000129633;ZINKIDS JBE 10MG/5ML CEREZA FCO*120ML;OTC;ETICOS TQ;MEDICINAS;COMERCIAL;JARABE;;2760;-;-;-;-;-;-;-
0000129873;GARDEN FORTE GEL EXTRA FUERTE FCO*140G;OTC;DIV FARMA;MEDICINAS;COMERCIAL;GEL;;5500;6875;5500;2750;4125;9625;5500;8250
0000129918;X RAY CAP CAJ*40;OTC;DIV COSMETICOS;MEDICINAS;COMERCIAL;CAPSULA;;-;-;-;-;54000;54000;-;14850
0000129919;TUKOL-D SOL FCO*125ML;OTC;DIV COSMETICOS;MEDICINAS;COMERCIAL;SOLUCION ORAL;;6915;-;2766;4149;1383;-;4149;4149
0000129920;LOMECAN V OVU 200MG CAJ*3;OTC;DIV COSMETICOS;MEDICINAS;COMERCIAL;OVULO;;11096;16644;8322;15257;19418;19418;6935;8322
0000130138;GREEN LIFE PROPOLEO MENTA SPRAY *30ML;OTC;DIV NATURALES;MEDICINAS;NATURALES;SPRAY;;4708;-;1177;1177;-;-;1177;1177
0000130568;BIRM SOL INMUNOMODULADOR *240ML;OTC;DIV FARMA;MEDICINAS;NATURALES;SOLUCION ORAL;;-;1297;-;-;-;-;-;-
0000130646;APRONAX CAP LIQ 275MG LIQUID GELS CAJ*20;OTC;DIV FARMA OTC;MEDICINAS;COMERCIAL;CAPSULA LIQUIDA;;214520;74736;168848;117640;181304;170232;168848;71968
0000130648;SOTTILE GOTAS ADELGAZANTES FCO*30ML;OTC;DIV NATURAL;MEDICINAS;NATURALES;GOTAS ORALES;;-;-;1041;-;-;-;-;-
0000131281;LOMAZOL JBE 50MG/100ML FCO*120ML;OTC;DIV FARMA;MEDICINAS;COMERCIAL;JARABE;;-;-;-;1146;-;-;-;-
0000131553;DOLORGESIC CAP BLD 400MG CAJ*20;OTC;DIV FARMA;MEDICINAS;COMERCIAL;CAPSULA BLANDA;;18044;37476;30536;19432;27760;220692;44416;16656
0000131793;DUPHALAC JBE 66.7G/100ML SOB 15ML CAJ*20;OTC;DIV FARMA;MEDICINAS;COMERCIAL;JARABE;;-;-;-;6072;1012;-;-;1012
0000131823;FINALIN GRIPE GRAGEAS CAJ*50;OTC;DIV FARMA;MEDICINAS;COMERCIAL;GRAGEA;;94389;67236;38790;90510;12930;38790;12930;56892
0000132116;HUMYLUB OFTENO PF SOL OFT FCO*10ML;OTC;DIV FARMA;MEDICINAS;COMERCIAL;SOLUCION OFTALMICA;;-;1302;-;-;-;-;-;-
0000132425;ORALYTE 75 PLUS SOL MANDARINA FCO*400ML;OTC;DIV FARMA;MEDICINAS;COMERCIAL;SOLUCION ORAL;;-;-;-;-;-;-;-;2284
0000132426;ORALYTE 75 PLUS SOL UVA FCO*400ML;OTC;DIV FARMA;MEDICINAS;COMERCIAL;SOLUCION ORAL;;17199;6615;10584;-;2646;3969;7938;5292
0000132427;ORALYTE 75 PLUS SOL MANZANA FCO*400ML;OTC;DIV FARMA;MEDICINAS;COMERCIAL;SOLUCION ORAL;;5352;6690;13380;-;2676;-;-;12042
0000132428;ORALYTE 45 PLUS SOL MANZANA FCO*400ML;OTC;DIV FARMA;MEDICINAS;COMERCIAL;SOLUCION ORAL;;2656;2656;2656;-;-;-;5312;-
0000132966;EDAPIL M ESP AEROSOL 5% FCO*100G;OTC;DIVISION MEDIHEALTH;MEDICINAS;COMERCIAL;ESPUMA;;-;1075;-;-;1075;-;-;-
0000133052;PEDIALYTE 60 MAX SOL ORAL COCO *500ML;OTC;DIV ALIM NUTRICION;MEDICINAS;COMERCIAL;SOLUCION ORAL;;1372;4116;2744;2744;4116;2744;1372;10976
0000133080;PEDIALYTE 60 MAX SOL ORAL FRESA *500ML;OTC;DIV ALIM NUTRICION;MEDICINAS;COMERCIAL;SOLUCION ORAL;;5512;5512;-;2756;9646;1378;5512;1378
0000133139;VICK UNG VAPORUB FCO* 50G;OTC;DIV FARMA;MEDICINAS;COMERCIAL;UNGÜENTO;;6835;6835;5468;9569;9569;12303;6835;4101
0000133317;ENERSHOT SOL COMPLEJO B+GINSENG 10ML *10;OTC;DIV FARMA OTC;MEDICINAS;COMERCIAL;SOLUCION ORAL;;-;3702;-;6170;-;14808;32084;29616
0000133335;NEUROBION TAB REC CAJ*30;OTC;DIV FARMA;MEDICINAS;COMERCIAL;TABLETA RECUBIERTA;;140087;79059;20805;52706;194180;181697;61028;194180
0000133360;NAZIL OFTENO SOL OFT 0.1% PAQ*15ML X2;OTC;DIV FARMA;MEDICINAS;COMERCIAL;SOLUCION OFTALMICA;;-;-;-;-;-;-;1257;-
0000133563;UNESIA CREMA 1% ANTIMICOTICO TUBO*20G;OTC;DIV COSMETICOS;MEDICINAS;COMERCIAL;CREMA;;1388;1388;1388;1388;2776;1388;4164;-
0000133642;GESTAVIT DHA CAP BLD CAJ*30;OTC;DIV FARMA;MEDICINAS;COMERCIAL;CAPSULA BLANDA;;-;41250;-;-;41250;41250;41250;41250
0000133686;SYSTANE GOTAS OFT HIDRATACION FCO*10ML;OTC;DIV FARMA;MEDICINAS;COMERCIAL;GOTAS OFTALMICAS;;-;-;-;-;-;-;1292;-
0000133687;SPLASH TEARS SOL OFT 0.1/0.2% FCO*15ML;OTC;DIV FARMA;MEDICINAS;COMERCIAL;SOLUCION OFTALMICA;;-;-;-;-;1170;-;-;-
0000133823;ENERGIZAN TAB REC 150/100MG CAJ*30;OTC;DIV FARMA;MEDICINAS;COMERCIAL;TABLETA RECUBIERTA;;-;-;-;-;-;-;-;9750
0000134153;CIRUELAX MINITABS COMP REC 75MG CAJ*30;OTC;DIV FARMA;MEDICINAS;NATURALES;COMPRIMIDO RECUBIERTO;;62468;70616;85554;122220;86912;38024;50246;50246
0000134362;BISMUTOL SUSP FCO*360ML;OTC;DIV FARMA;MEDICINAS;COMERCIAL;SUSPENSION;;-;1365;2730;1365;2730;4095;-;2730
0000134464;ORALYTE 45 PLUS SOL COCO FCO*400ML;OTC;DIV FARMA;MEDICINAS;COMERCIAL;SOLUCION ORAL;;4752;2376;2376;-;3564;-;2376;2376
0000134510;KETOCON BIO SHAMPOO 1G FCO*200ML;OTC;DIV FARMA;MEDICINAS;COMERCIAL;SHAMPOO;;1173;-;-;-;-;-;-;-
0000134523;LACTEOL FORT CAP 340MG CAJ*12;OTC;DIV FARMA;MEDICINAS;COMERCIAL;CAPSULA;;4720;-;2360;-;-;-;14160;-
0000134592;MINOXIDIL FORTE MK SOL TOPICA 5% *60ML;OTC;DERMATOLOGICOS TQ;MEDICINAS;COMERCIAL;SOLUCION TOPICA;;-;-;1352;-;-;-;-;-
0000134798;PURIGI CREMA DERMOPROTECTORA *30G;OTC;DIVISION CREMAS;MEDICINAS;COMERCIAL;CREMA;;1347;-;2694;-;-;1347;-;1347
0000134799;PURIGI CREMA DERMOPROTECTORA *60G;OTC;DIVISION CREMAS;MEDICINAS;COMERCIAL;CREMA;;13390;12051;12051;5356;16068;17407;13390;12051
0000134844;BIRM SOL INMUNOMODULADOR KIDS *120ML;OTC;DIV FARMA;MEDICINAS;NATURALES;SOLUCION ORAL;;-;-;-;2666;-;-;-;1333
0000134845;BIRM CAP INMUNOMODULADOR *90;OTC;DIV FARMA;MEDICINAS;NATURALES;CAPSULA;;-;-;1343;-;-;1343;-;-
0000135184;NORMOTEMP TAB 500MG CAJ*100;OTC;DIV FARMA;MEDICINAS;COMERCIAL;TABLETA;;102880;45010;45010;295780;141460;25720;12860;77160
0000135194;ANTIMETIL TAB REC CAJ*30;OTC;DIV NATURAL;MEDICINAS;NATURALES;TABLETA RECUBIERTA;;45880;24800;17360;38440;14880;26040;13640;17360
0000135195;FLEXOFYTOL CAP BLD CAJ*60;OTC;DIV NATURAL;MEDICINAS;NATURALES;CAPSULA BLANDA;;72773;-;-;-;-;2386;-;-
0000135196;PASIFYTOL TAB REC CAJ*42;OTC;DIV NATURAL;MEDICINAS;NATURALES;TABLETA RECUBIERTA;;3990;5320;-;33250;10640;14630;27930;19950
0000135311;NORMOTEMP JBE 160MG/5ML FCO*120ML;OTC;DIV FARMA;MEDICINAS;COMERCIAL;JARABE;;-;-;-;-;-;1310;-;-
0000135394;HYDRITY 45 MEQ SOL UVA FCO*500ML;OTC;DIV FARMA;MEDICINAS;COMERCIAL;SOLUCION ORAL;;-;-;-;-;3762;-;5016;-
0000135395;HYDRITY 75 MEQ SOL MANZANA FCO*500ML;OTC;DIV FARMA;MEDICINAS;COMERCIAL;SOLUCION ORAL;;1341;2682;1341;-;13410;2682;5364;-
0000135404;HYDRITY 75 MEQ SOL UVA FCO*500ML;OTC;DIV FARMA;MEDICINAS;COMERCIAL;SOLUCION ORAL;;-;-;-;-;7692;-;-;-
0000135413;BUENOX FORTE SUSP 960/250MG FCO*200ML;OTC;DIV FARMA;MEDICINAS;COMERCIAL;SUSPENSION;;1308;1308;-;1308;1308;-;-;-
0000135441;PERLAS DE PIEL CAP ANTIED/FIRMEZA FCO*90;OTC;DIV FARMA;MEDICINAS;NATURALES;CAPSULA;;-;-;-;-;-;795;-;-
0000135446;ARKOSTOP@@CAP CARBON ACTIVADO FCO*45;OTC;DIV FARMA;MEDICINAS;NATURALES;CAPSULA;;451;-;-;-;-;-;-;-
0000135469;ACEMUK 600 COMP EFERV 600MG CAJ*20;OTC;DIV FARMA;MEDICINAS;COMERCIAL;COMPRIMIDO EFERVESCENTE;;9268;-;2648;-;-;-;-;13240
0000135480;CLEMBROXIL FLEM SOL 15MG/5ML PED *120ML;OTC;DIV FARMA;MEDICINAS;COMERCIAL;SOLUCION ORAL;;1228;1228;1228;-;1228;2456;1228;-
0000135481;CLEMBROXIL FLEM SOL 30MG/5ML ADU *120ML;OTC;DIV FARMA;MEDICINAS;COMERCIAL;SOLUCION ORAL;;-;-;-;2278;4556;4556;-;1139
0000135482;DIGESTOTAL FORTE CAP CAJ*30;OTC;DIV FARMA;MEDICINAS;COMERCIAL;CAPSULA;;117276;122668;152324;117276;191416;167152;192764;159064
0000135520;LAGRICEL OFTENO PF SOL OFT 0.4% FCO*10ML;OTC;DIV FARMA;MEDICINAS;COMERCIAL;SOLUCION OFTALMICA;;2584;1292;2584;1292;-;-;1292;1292
0000135572;FARMANOVA SOL 0.9% SUERO FISIO SPR *40ML;OTC;DIV FARMA;MEDICINAS;COMERCIAL;SOLUCION TOPICA;;2598;-;-;-;1299;1299;1299;-
0000135573;FARMANOVA SOL 0.9% SUERO FISIO *60ML;OTC;DIV FARMA;MEDICINAS;COMERCIAL;SOLUCION TOPICA;;3987;9303;7974;3987;3987;3987;5316;-
0000135574;FARMANOVA SOL 0.9% SUERO FISIO *140ML;OTC;DIV FARMA;MEDICINAS;COMERCIAL;SOLUCION TOPICA;;-;2548;2548;2548;2548;1274;3822;-
0000135799;LEVOTREX CAP BLD 5MG CAJ*10;OTC;DIV FARMA;MEDICINAS;COMERCIAL;CAPSULA BLANDA;;41895;20349;23940;8379;32319;76608;32319;19152
0000135913;BUSCAPINA DUO COMP REC CAJ*20;OTC;DIV FARMA CHC;MEDICINAS;COMERCIAL;COMPRIMIDO RECUBIERTO;;53840;65954;118448;117102;99604;65954;41726;56532
0000135940;HYDRITY 45 MEQ SOL MANZANA FCO*500ML;OTC;DIV FARMA;MEDICINAS;COMERCIAL;SOLUCION ORAL;;-;-;-;-;-;-;4692;-
0000136041;DIGERIL SUSP 800/60MG/10ML FCO*300ML;OTC;DIV FARMA;MEDICINAS;COMERCIAL;SUSPENSION;;-;-;-;-;1123;-;-;-
0000136042;DIGERIL FORTE SUSP VAINILLA FCO*300ML;OTC;DIV FARMA;MEDICINAS;COMERCIAL;SUSPENSION;;-;1188;2376;1188;1188;5940;-;-
0000136282;NASALMED SPR NASAL ISOTONICA FCO*120ML;OTC;DIV NATURAL;MEDICINAS;NATURALES;SPRAY;;1046;-;-;-;-;-;-;-
0000136283;NASALMED SPR NASAL HIPERTONICA FCO*120ML;OTC;DIV NATURAL;MEDICINAS;NATURALES;SPRAY;;1053;1053;-;-;-;3159;2106;1053
0000136289;NASALMED BABY SPR NASAL ISOTONICA *120ML;OTC;DIV NATURAL;MEDICINAS;NATURALES;SPRAY;;-;-;-;-;-;-;1020;-
0000136345;NORMOLAX TAB 5MG CAJ*10;OTC;DIV FARMA;MEDICINAS;COMERCIAL;TABLETA;;-;196;392;-;-;-;-;-
0000136601;ENTEROFERMENTI LYTE SOL 45MEQ UVA *500ML;OTC;DIV FARMA;MEDICINAS;COMERCIAL;SOLUCION ORAL;;-;-;-;-;-;-;-;402
0000136611;SYSTANE COMPLETE GOTAS OFT 0.6% FCO*10ML;OTC;DIV FARMA;MEDICINAS;COMERCIAL;GOTAS OFTALMICAS;;1147;-;1147;-;1147;-;-;-
0000136643;ALERCET CAP BLD 10MG 2HCL CAJ*20;OTC;DIV FARMA;MEDICINAS;COMERCIAL;CAPSULA BLANDA;;79560;30498;68952;37128;100776;5304;31824;39780
0000136715;GENFARGRIP DIA GRANUL NARANJA 6G CAJ*24;OTC;DIV FARMA;MEDICINAS;COMERCIAL;GRANULADO;;-;31872;-;2988;44820;72708;3984;36852
0000136768;UMBRAL GRIP GEL CAP BLD  CAJ*20;OTC;DIV FARMA;MEDICINAS;COMERCIAL;CAPSULA BLANDA;;54489;79740;79740;26580;98346;87714;5316;34554
0000136770;GREEN LIFE PROPOLEO JENG+LIM SPRAY *30ML;OTC;DIV NATURALES;MEDICINAS;NATURALES;SPRAY;;325;-;650;325;-;-;-;650
0000137151;MEDICASP SHAMPOO FORTE 2%  FCO *100ML;OTC;DIV COSMETICOS;MEDICINAS;COMERCIAL;SHAMPOO;;-;1221;2442;-;-;-;1221;2442
0000137226;KETOCON CREMA 2% TUBO*30G;OTC;DIV FARMA;MEDICINAS;COMERCIAL;CREMA;;-;-;-;1262;-;1262;-;1262
0000137294;FLORIL SOL OFT 0.03% FCO*15ML;OTC;DIV FARMA;MEDICINAS;COMERCIAL;SOLUCION OFTALMICA;;-;-;-;-;-;999;-;999
0000137336;DECATILENO TAB 0.25/0.03MG CAJ *10;OTC;DIV FARMA;MEDICINAS;COMERCIAL;TABLETA;;26240;52480;13120;26240;26240;26240;26240;-
0000137411;HIDRAPLUS 75 SOL UVA SACHET CAJ*4;OTC;ETICOS TQ;MEDICINAS;COMERCIAL;SOLUCION ORAL;;22083;38970;41568;16887;9093;33774;5196;15588
0000137412;HIDRAPLUS 75 SOL CEREZA SACHET CAJ*4;OTC;ETICOS TQ;MEDICINAS;COMERCIAL;SOLUCION ORAL;;38454;33150;21216;33150;15912;21216;26520;11934
0000137630;X RAY DOL TAB CAJ*12;OTC;DIV COSMETICOS;MEDICINAS;COMERCIAL;TABLETA;;-;-;-;-;16354;28934;47804;23902
0000137654;DOLORGESIC FEM CAP BLD 200MG CAJ*20;OTC;DIV FARMA;MEDICINAS;COMERCIAL;CAPSULA BLANDA;;-;-;-;-;-;-;11280;-
0000137769;DEFEROL CAP BLD 7000 UI CAJ *8;OTC;DIV FARMA;MEDICINAS;COMERCIAL;CAPSULA BLANDA;;-;-;-;-;4608;-;-;-
0000137777;BONFIEST PLUS POLVO EFERV SOB CAJ*16;OTC;GASTROINTESTINAL TQ;MEDICINAS;COMERCIAL;POLVO EFERVESCENTE;;16055;6175;28405;4940;23465;38285;25935;39520
0000137824;SILMUCIL POLVO 600MG SOB 4.2G CAJ*20;OTC;DIV FARMA;MEDICINAS;COMERCIAL;POLVO;;1566;-;14094;-;-;-;-;3132
0000138031;ABRILAR EA 575 JBE 7MG/ML MENT ADU*100ML;OTC;DIV FARMA;MEDICINAS;NATURALES;JARABE;;-;-;-;1020;-;-;-;-
0000138191;LEVOCET SOL 2.5MG/5ML CEREZA FCO*120ML;OTC;DIV FARMA;MEDICINAS;COMERCIAL;SOLUCION ORAL;;565;-;-;565;1695;565;-;-
0000138202;BONAGERMIN PLUS SUSP 4000 MILL/5ML *5;OTC;DIV FARMA;MEDICINAS;COMERCIAL;SUSPENSION;;-;522;783;-;-;-;-;-
0000138222;CAPSIFLU CAP LIQ CAJ*10;OTC;DIV FARMA;MEDICINAS;COMERCIAL;CAPSULA LIQUIDA;;483336;71514;-;-;-;36990;110970;234270
0000138349;VICK JBE FORMULA 44 MIEL FCO*120ML;OTC;DIV FARMA;MEDICINAS;COMERCIAL;JARABE;;-;-;-;-;-;556;-;-
0000139118;OXIDKANA PASTA 200MG/G TUBO*60G;OTC;DIV FARMA;MEDICINAS;COMERCIAL;PASTA;;-;-;237;-;-;-;-;-
0000139169;PRENAVIT DHA CAP BLD CAJ*30;OTC;DIV FARMA;MEDICINAS;COMERCIAL;CAPSULA BLANDA;;-;-;-;30270;-;-;-;-
0000140742;ARKOSTOP CAP CARBON ACTIVADO FCO*45;OTC;DIV FARMA;MEDICINAS;NATURALES;CAPSULA;;-;5222;10071;-;1492;4476;-;-
0000140745;PHYTO SOYA GEL VAG 5ML CAJ*8;OTC;DIV FARMA;MEDICINAS;NATURALES;GEL VAGINAL;;5976;-;-;-;-;-;-;-
0000140781;FUNGIREX POLVO FCO*180G;OTC;DIV FARMA;MEDICINAS;COMERCIAL;POLVO;;-;-;-;-;-;-;-;871
0000140905;SAL ANDREWS POLVO EFER NARANJA SOB*50;OTC;DIV FARMA;MEDICINAS;COMERCIAL;POLVO EFERVESCENTE;;-;-;-;-;-;-;2386;-
0000141214;CIRUELAX FORTE JALEA LAXANTE FCO*300G;OTC;DIV FARMA;MEDICINAS;NATURALES;JALEA;;-;-;-;-;-;931;-;-
0000141263;PEDIALYTE 45 ACT SOL ORAL GUARANA *500ML;OTC;DIV ALIM NUTRICION;MEDICINAS;COMERCIAL;SOLUCION ORAL;;-;-;1952;-;-;-;-;-
0000141632;BISMUSAL POLVO EFER 2.18/0.88G CAJ*4;OTC;DIV FARMA;MEDICINAS;COMERCIAL;POLVO EFERVESCENTE;;-;-;4740;-;4740;1185;-;-
0000141667;DIGESTOTAL BILIAR CAP CAJ*30;OTC;DIV FARMA;MEDICINAS;COMERCIAL;CAPSULA;;-;1214;7284;3642;4856;-;2428;-
0000142087;LEVOTREX JBE 2.5MG/5ML FCO*120ML;OTC;DIV FARMA;MEDICINAS;COMERCIAL;JARABE;;-;-;-;-;-;-;1196;-
0000142148;LOMECAN V OVU 500MG CAJ*1;OTC;DIV COSMETICOS;MEDICINAS;COMERCIAL;OVULO;;-;-;-;-;-;2456;3684;1228
0000142154;GYNO-CANESTEN OVU 500MG CAJ*1;OTC;DIV FARMA OTC;MEDICINAS;COMERCIAL;OVULO;;-;-;-;-;-;-;977;977
0000142639;DOLGITAN FORTE TAB REC 500/65MG CAJ*100;OTC;DIV FARMA;MEDICINAS;COMERCIAL;TABLETA RECUBIERTA;;-;-;-;-;-;-;16968;221796
