"codproducto","nombreproducto","tipoarticulo","linea","unidadnegocio","categoria","forma_farmaceutica","aniomes","202301","202302","202303","202304","202305","202306","202307","202308"
"00088","VITA-B CAP BLD CAJ*50","OTC","DIV FARMA","MEDICINAS","COMERCIAL","CAPSULA BLANDA","","14,364","-","119,700","71,820","95,760","95,760","143,640","119,700"
"00585","VISINE SOL OFT ORIGINAL FCO*15ML","OTC","DIV FARMA","MEDICINAS","COMERCIAL","SOLUCION OFTALMICA","","1,391","4,173","1,391","2,782","2,782","-","6,955","-"
"00589","VISINE EXTRA SOL OFT FCO*15ML","OTC","DIV FARMA","MEDICINAS","COMERCIAL","SOLUCION OFTALMICA","","2,764","13,820","4,146","8,292","12,438","17,966","5,528","17,966"
"00992","SIMEPAR CAP CAJ*40","OTC","DIV FARMA","MEDICINAS","COMERCIAL","CAPSULA","","67,250","36,315","44,385","37,660","-","-","-","-"
"01202","FLUIMUCIL GRANUL 100MG SOB 1G CAJ*30","OTC","DIV FARMA","MEDICINAS","COMERCIAL","GRANULADO","","-","-","27,720","22,176","70,686","-","-","18,018"
"01307","BERIFEN GEL 1% TUBO*20G","OTC","DIV FARMA","MEDICINAS","COMERCIAL","GEL","","2,756","-","-","-","2,756","5,512","6,890","-"
"01323","PHILLIPS LECHE MAGNESIA SUSP FCO*120ML","OTC","DIV FARMA","MEDICINAS","COMERCIAL","SUSPENSION","","1,287","-","2,574","-","2,574","1,287","3,861","-"
"01549","DAYAMINERAL JBE FCO*240ML","OTC","DIV FARMA","MEDICINAS","COMERCIAL","JARABE","","-","-","-","1,386","2,772","-","1,386","-"
"01720","COMPLEJO B LIFE JBE FCO*120ML","OTC","DIV FARMA","MEDICINAS","GENERICOS","JARABE","","8,328","5,552","6,940","13,880","9,716","16,656","9,716","4,164"
"01773","BUPREX SUSP 100MG/5ML PED FCO*120ML","OTC","DIV FARMA","MEDICINAS","COMERCIAL","SUSPENSION","","-","-","-","1,386","1,386","-","2,772","-"
"01989","FLUIMUCIL TAB EFERV 600MG CAJ*20","OTC","DIV FARMA","MEDICINAS","COMERCIAL","TABLETA EFERVESCENTE","","125,010","76,395","123,621","55,560","75,006","152,790","104,175","38,892"
"02147","MUCOSOLVAN JBE 15MG/5ML KIDS FCO*120ML","OTC","DIV FARMA CHC","MEDICINAS","COMERCIAL","JARABE","","-","-","3,639","-","-","-","-","-"
"02148","MUCOSOLVAN FORTE JBE 30MG/5ML ADU *120ML","OTC","DIV FARMA CHC","MEDICINAS","COMERCIAL","JARABE","","2,652","2,652","2,652","3,978","-","-","-","-"
"02167","BISOLVON@@COMP 8MG ADU CAJ*20","OTC","DIV FARMA CHC","MEDICINAS","COMERCIAL","COMPRIMIDO","","882","8,820","6,615","-","-","-","-","-"
"02169","BUSCAPINA GRAGEAS 10MG CAJ*20","OTC","DIV FARMA CHC","MEDICINAS","COMERCIAL","GRAGEA","","-","-","-","-","6,486","9,729","-","-"
"04081","FLUIMUCIL GRANUL 200MG SOB 1G CAJ*60","OTC","DIV FARMA","MEDICINAS","COMERCIAL","GRANULADO","","-","50,801","17,849","16,476","26,087","27,460","15,103","-"
"04181","FINALIN FORTE GRAGEAS 500/65MG CAJ*100","OTC","DIV FARMA","MEDICINAS","COMERCIAL","GRAGEA","","362,529","227,796","366,696","300,024","559,767","438,924","445,869","259,743"
"04427","SAL ANDREWS POLVO EFER ORIGINAL SOB*50","OTC","DIV FARMA","MEDICINAS","COMERCIAL","POLVO EFERVESCENTE","","100,886","48,370","201,772","87,066","81,538","63,572","103,650","63,572"
"04442","FEBRAX TAB 275/300MG CAJ*20","OTC","DIVISION DELTA 1","MEDICINAS","COMERCIAL","TABLETA","","44,880","61,200","55,760","19,040","8,160","16,320","6,800","4,080"
"04663","UMBRAL CAP BLD 500MG CAJ*50","OTC","DIV FARMA","MEDICINAS","COMERCIAL","CAPSULA BLANDA","","470,871","370,863","386,142","290,301","605,604","683,388","434,757","491,706"
"04665","UMBRAL GOTAS 100MG/ML PED FCO*30ML","OTC","DIV FARMA","MEDICINAS","COMERCIAL","GOTAS ORALES","","1,388","8,328","5,552","1,388","2,776","2,776","2,776","2,776"
"04688","AFRIN SOL NASAL 0.05% ADULTO FCO*15ML","OTC","DIV FARMA OTC","MEDICINAS","COMERCIAL","SOLUCION NASAL","","-","-","-","-","-","-","1,368","2,736"
"04831","VOLTAREN EMULGEL GEL 1% TUBO*30G","OTC","DIV FARMA","MEDICINAS","COMERCIAL","GEL","","5,540","1,385","6,925","5,540","2,770","-","2,770","2,770"
"04919","LAMISIL SOL TOPICA 1% SPR FCO*30ML","OTC","DIV FARMA","MEDICINAS","COMERCIAL","SOLUCION TOPICA","","-","-","-","-","-","-","-","937"
"04964","MINOXIDIL MK LOCION 2% FCO*60ML","OTC","DERMATOLOGICOS TQ","MEDICINAS","GENERICOS","LOCION","","-","-","-","1,342","-","-","-","-"
"05032","DULCOLAX COMP 5MG CAJ*10","OTC","DIV FARMA CHC","MEDICINAS","COMERCIAL","COMPRIMIDO","","4,164","30,536","20,820","45,804","48,580","45,804","33,312","16,656"
"05047","PROCTO-GLYVENOL CREMA 5/2% TUBO*30G","OTC","DIV FARMA","MEDICINAS","COMERCIAL","CREMA","","1,380","-","2,760","-","1,380","1,380","2,760","-"
"05052","LAMISIL TOPICO CREMA 1% TUBO*15G","OTC","DIV FARMA","MEDICINAS","COMERCIAL","CREMA","","1,340","4,020","4,020","-","1,340","1,340","-","-"
"05134","ALLEGRA TAB REC 120MG CAJ*10","OTC","DIV FARMA CHC","MEDICINAS","COMERCIAL","TABLETA RECUBIERTA","","-","8,286","-","-","-","-","-","-"
"05371","ANTIAX SUSP FCO*180ML","OTC","DIV FARMA","MEDICINAS","COMERCIAL","SUSPENSION","","-","-","-","-","-","1,212","-","-"
"05377","NICOTEARS GEL OFT TUBO*5G","OTC","DIV FARMA","MEDICINAS","COMERCIAL","GEL OFTALMICO","","-","-","-","-","1,352","-","-","-"
"05380","MUXOL JBE 30MG/5ML ADU FCO*100ML","OTC","DIV FARMA","MEDICINAS","COMERCIAL","JARABE","","-","-","-","-","-","4,143","-","-"
"05381","MUXOL JBE 15MG/5ML PED FCO*100ML","OTC","DIV FARMA","MEDICINAS","COMERCIAL","JARABE","","5,500","1,375","-","2,750","4,125","5,500","1,375","-"
"05384","MUXOL COMP 30MG CAJ*20","OTC","DIV FARMA","MEDICINAS","COMERCIAL","COMPRIMIDO","","-","11,790","-","-","-","47,160","-","11,790"
"05393","NICOTEARS SOL OFT FCO*20ML","OTC","DIV FARMA","MEDICINAS","COMERCIAL","SOLUCION OFTALMICA","","5,548","4,161","11,096","6,935","9,709","1,387","4,161","4,161"
"05399","ANTIAX COMP MAST 100/480MG CAJ*24","OTC","DIV FARMA","MEDICINAS","COMERCIAL","COMPRIMIDO MASTICABLE","","16,236","2,706","16,236","-","23,001","-","-","8,118"
"05787","SALISH K SHAMPOO ANTICASPA FCO*120ML","OTC","DIV FARMA","MEDICINAS","COMERCIAL","SHAMPOO","","1,372","-","1,372","1,372","-","4,116","-","2,744"
"05951","GYNO-CANESTEN 3 CREMA VAG 2% TUBO*20G","OTC","DIV FARMA OTC","MEDICINAS","COMERCIAL","CREMA VAGINAL","","1,389","2,778","5,556","1,389","1,389","1,389","2,778","1,389"
"05968","TUSSOLVINA JBE 2/20MG/ML FRESA FCO*120ML","OTC","DIV FARMA","MEDICINAS","COMERCIAL","JARABE","","-","-","-","-","-","-","4,164","-"
"06049","GENTEAL GOTAS OFT FCO *10ML","OTC","DIV FARMA","MEDICINAS","COMERCIAL","GOTAS OFTALMICAS","","-","-","-","-","-","1,006","1,006","-"
"06086","BISMUTOL SUSP FCO*180ML","OTC","DIV FARMA","MEDICINAS","COMERCIAL","SUSPENSION","","1,387","-","1,387","1,387","2,774","2,774","1,387","-"
"06093","SIKURA UNG FCO 10G *12","OTC","DIV FARMA","MEDICINAS","COMERCIAL","UNGÜENTO","","1,096","1,096","4,384","7,672","1,096","2,192","2,192","3,288"
"06095","NOTUSIN INF JBE 2/20MG/ML FCO*180ML","OTC","DIV FARMA","MEDICINAS","COMERCIAL","JARABE","","-","-","-","-","-","837","-","-"
"06098","NOTUSIN EXP JBE FCO*100ML","OTC","DIV FARMA","MEDICINAS","COMERCIAL","JARABE","","1,090","-","1,090","3,270","-","1,090","-","-"
"06102","VERONIQUE SHAMPOO 1G/100ML FCO*60ML","OTC","DIV FARMA","MEDICINAS","COMERCIAL","SHAMPOO","","2,750","4,125","1,375","-","-","2,750","5,500","4,125"
"06187","NOTUSIN 100 JBE FCO*100ML","OTC","DIV FARMA","MEDICINAS","COMERCIAL","JARABE","","-","-","2,224","1,112","-","-","-","-"
"06190","NOTUSIN 100 JBE FCO*180ML","OTC","DIV FARMA","MEDICINAS","COMERCIAL","JARABE","","-","-","3,330","-","-","-","-","-"
"06218","ASPIRINA TAB 100MG CAJ*100","OTC","DIV FARMA OTC","MEDICINAS","COMERCIAL","TABLETA","","486,850","695,500","500,760","529,971","623,168","862,420","500,760","166,920"
"06246","LECHE MAGNESIA MK SUSP FCO*120ML","OTC","GASTROINTESTINAL TQ","MEDICINAS","GENERICOS","SUSPENSION","","2,714","1,357","-","1,357","-","-","1,357","4,071"
"06303","NOTUSIN INF JBE 2/20MG/ML FCO*100ML","OTC","DIV FARMA","MEDICINAS","COMERCIAL","JARABE","","-","-","861","-","-","-","-","-"
"06678","ENCIDENT SOL TOPICA PROFESIONAL *300ML","OTC","DIV COSMETICOS","MEDICINAS","COMERCIAL","SOLUCION TOPICA","","1,369","2,738","-","-","5,476","1,369","-","1,369"
"06878","NOVO-TEARS SOL OFT FCO *10ML","OTC","DIV FARMA","MEDICINAS","COMERCIAL","SOLUCION OFTALMICA","","-","1,378","4,134","-","1,378","6,890","5,512","2,756"
"06923","KURADOR UNG FCO 11G CAJ*12","OTC","DIV FARMA OTC","MEDICINAS","COMERCIAL","UNGÜENTO","","-","1,278","-","-","-","-","-","-"
"06927","MENTOL CHINO UNG CONCENTRADO 10G CAJ *12","OTC","DIV FARMA OTC","MEDICINAS","COMERCIAL","UNGÜENTO","","23,528","15,224","34,600","35,984","19,376","22,144","26,296","24,912"
"07018","MEBO UNG 0.25% HERBAL TUBO*30G","OTC","DIV FARMA OTC","MEDICINAS","COMERCIAL","UNGÜENTO","","1,386","1,386","-","2,772","1,386","2,772","5,544","1,386"
"07562","BISOLVON LINCTUS JBE 4MG/5ML INF *120ML","OTC","DIV FARMA CHC","MEDICINAS","COMERCIAL","JARABE","","-","2,762","-","8,286","1,381","2,762","1,381","1,381"
"07563","BISOLVON LINCTUS JBE 8MG/5ML ADU *120ML","OTC","DIV FARMA CHC","MEDICINAS","COMERCIAL","JARABE","","2,772","1,386","1,386","4,158","-","2,772","1,386","1,386"
"07681","STAMYL GRAGEAS CAJ*20","OTC","DIV FARMA","MEDICINAS","COMERCIAL","GRAGEA","","-","-","-","10,980","-","-","-","-"
"07881","VAPO MENTOL FORTE UNG FCO*60G","OTC","DIV FARMA","MEDICINAS","COMERCIAL","UNGÜENTO","","-","-","5,212","1,303","-","-","-","-"
"07890","BRONCOTOSIL CAP BLD 8MG CAJ*15","OTC","DIV FARMA","MEDICINAS","COMERCIAL","CAPSULA BLANDA","","46,614","19,194","41,130","47,985","71,292","65,808","64,437","10,968"
"07973","NAPHACEL OFTENO SOL OFT FCO*15ML","OTC","DIV FARMA","MEDICINAS","COMERCIAL","SOLUCION OFTALMICA","","1,271","1,271","-","-","-","-","-","-"
"07987","TERBIFUNG CREMA 1% TUBO*15G","OTC","DIV FARMA","MEDICINAS","COMERCIAL","CREMA","","4,122","-","-","1,374","1,374","2,748","4,122","4,122"
"08008","BUPREX GOTAS 40MG/ML PED FCO*30ML","OTC","DIV FARMA","MEDICINAS","COMERCIAL","GOTAS ORALES","","-","1,273","-","-","-","3,819","1,273","-"
"08009","BUPREX FORTE SUSP 200MG/5ML FCO*120ML","OTC","DIV FARMA","MEDICINAS","COMERCIAL","SUSPENSION","","33,336","68,061","40,281","37,503","37,503","52,782","30,558","26,391"
"08541","PARACETAMOL GENFAR TAB 500MG CAJ*100","OTC","DIV FARMA","MEDICINAS","GENERICOS","TABLETA","","527,440","832,800","832,800","1,249,200","1,388,000","416,400","323,404","305,360"
"08619","CLOTRIMAZOL GENFAR CREMA 1% TUBO*40G","OTC","DIV FARMA","MEDICINAS","GENERICOS","CREMA","","-","1,300","-","-","-","-","-","1,300"
"08622","DICLOFENACO GENFAR EMULGEL 1% TUBO*50G","OTC","DIV FARMA","MEDICINAS","GENERICOS","EMULGEL","","1,317","-","-","-","-","-","-","-"
"08642","IBUPROFENO GENFAR TAB REC 400MG *100","OTC","DIV FARMA","MEDICINAS","GENERICOS","TABLETA RECUBIERTA","","339,138","217,920","217,920","110,322","279,210","61,290","204,300","53,118"
"08666","PIROXICAM GENFAR GEL 0.5% TUBO*40G","OTC","DIV FARMA","MEDICINAS","GENERICOS","GEL","","-","-","-","1,217","1,217","2,434","-","-"
"08745","MENTOL CHINO FORTE UNG FCO*60G","OTC","DIV FARMA OTC","MEDICINAS","COMERCIAL","UNGÜENTO","","1,388","1,388","2,776","-","2,776","6,940","4,164","4,164"
"08797","APETITOL JBE INFAN FCO*240ML","OTC","DIV FARMA","MEDICINAS","COMERCIAL","JARABE","","-","-","1,317","-","-","1,317","-","-"
"08808","FEMMEDICAL POLVO ANTISEPTICO FCO*90G","OTC","DIV FARMA","MEDICINAS","COMERCIAL","POLVO","","-","1,383","-","1,383","2,766","-","1,383","-"
"08829","TOPIC BUCAL SOL ADU FCO *10ML","OTC","DIV FARMA","MEDICINAS","COMERCIAL","SOLUCION ORAL","","-","1,176","-","-","-","-","-","1,176"
"08830","TOPIC BUCAL SOL INF FCO *10ML","OTC","DIV FARMA","MEDICINAS","COMERCIAL","SOLUCION ORAL","","-","-","-","-","1,073","-","-","-"
"08890","MILPAX SUSP CEREZA FCO*360ML","OTC","DIV FARMA","MEDICINAS","COMERCIAL","SUSPENSION","","9,639","4,131","4,131","4,131","6,885","9,639","6,885","8,262"
"08895","LAGRICEL OFTENO SOL OFT 0.4% 0.5ML *20","OTC","DIV FARMA","MEDICINAS","COMERCIAL","SOLUCION OFTALMICA","","-","-","1,336","-","-","-","-","-"
"08902","DESLORAN TAB REC 5MG CAJ*10","OTC","DIV FARMA","MEDICINAS","COMERCIAL","TABLETA RECUBIERTA","","-","-","-","3,688","-","-","922","1,844"
"08942","VICLAR EXTRA SOL OFT 0.05% FCO*15ML","OTC","DIV FARMA OTC","MEDICINAS","COMERCIAL","SOLUCION OFTALMICA","","-","-","-","-","936","-","936","-"
"08982","DULCOLAX CAP BLD 2.5MG PERLAS CAJ*30","OTC","DIV FARMA CHC","MEDICINAS","COMERCIAL","CAPSULA BLANDA","","-","-","38,310","-","-","-","-","-"
"09054","TENVALIN FORTE SUSP 200MG/5ML FCO*100ML","OTC","DIV FARMA","MEDICINAS","COMERCIAL","SUSPENSION","","-","2,666","-","-","-","-","-","-"
"09122","LECHE MAGNESIA MK SUSP FCO*360ML","OTC","GASTROINTESTINAL TQ","MEDICINAS","GENERICOS","SUSPENSION","","2,550","3,825","-","-","2,550","2,550","1,275","2,550"
"09123","FARMANOVA SOL ALCOHOL 70 *1000ML","OTC","DIV COSMETICOS","MEDICINAS","COMERCIAL","SOLUCION TOPICA","","4,164","6,940","9,716","8,328","9,716","-","1,388","6,940"
"09125","FARMANOVA@@SOL ALCOHOL 70 *250ML","OTC","DIV COSMETICOS","MEDICINAS","COMERCIAL","SOLUCION TOPICA","","-","-","1,299","-","-","2,598","-","-"
"09126","FARMANOVA@@SOL ALCOHOL 70 *120ML","OTC","DIV COSMETICOS","MEDICINAS","COMERCIAL","SOLUCION TOPICA","","1,332","-","1,332","1,332","2,664","2,664","-","-"
"09236","GERIMAX TAB 200MG GINSENG CAJ*30","OTC","DIV COSMETICOS","MEDICINAS","NATURALES","TABLETA","","4,230","-","2,538","-","-","1,692","12,690","25,380"
"09380","FEMEN FORTE CAP BLD 400MG CAJ*50","OTC","DIV FARMA","MEDICINAS","COMERCIAL","CAPSULA BLANDA","","60,984","79,002","274,428","115,038","141,372","135,828","221,760","142,758"
"09381","FEMEN FORTE CAP BLD 400MG CAJ*10","OTC","DIV FARMA","MEDICINAS","COMERCIAL","CAPSULA BLANDA","","8,050","8,050","-","16,100","8,050","-","-","8,050"
"09391","VOLTAREN AEROSOL 1% FCO*85ML","OTC","DIV FARMA","MEDICINAS","COMERCIAL","AEROSOL","","2,720","-","-","-","8,160","2,720","1,360","1,360"
"09852","TERMINEX SOL INHAL 2ML CAJ *1","OTC","DIVISION FARMACEUTIC","MEDICINAS","COMERCIAL","SOLUCION PARA INHALACION","","-","-","-","0","-","-","-","1,346"
"09894","ALERGIN COMP 10MG CAJ*20","OTC","DIV FARMA","MEDICINAS","COMERCIAL","COMPRIMIDO","","14,472","-","1,206","-","1,206","-","-","-"
"09917","VENOSTASIN RTD CAP 50MG CAJ*20","OTC","DIV FARMA","MEDICINAS","COMERCIAL","CAPSULA","","26,859","6,395","-","-","-","-","-","-"
"09920","COMPLEJO B ARISTON GRAGEAS CAJ*20","OTC","DIV FARMA","MEDICINAS","GENERICOS","GRAGEA","","-","-","55,000","27,500","-","55,000","55,000","82,500"
"10245","VOLTAREN EMULGEL GEL 1% TUBO*60G","OTC","DIV FARMA","MEDICINAS","COMERCIAL","GEL","","-","1,333","1,333","-","3,999","1,333","-","1,333"
"10305","COPED RECOLECTOR URINARIO PED NINA PAQ*1","OTC","DIV INSUMOS MEDICOS","DISPOSITIVOS-REACTIVOS","DISPOSITIVO NO INVASIVO","------------","","-","-","-","-","-","-","-","3,930"
"10312","MOLAR-EX CAP 200/200MG CAJ*24","OTC","FIV FARMA","MEDICINAS","COMERCIAL","CAPSULA","","2,600","-","2,600","-","-","-","-","-"
"10314","NUTRALOGICS CAP LIQ FCO*30","OTC","FIV FARMA","MEDICINAS","COMERCIAL","CAPSULA LIQUIDA","","-","-","-","-","-","36,480","-","-"
"10397","HANSAPLAST PARCH TRAN LEON 12X18CM PAQ*1","OTC","DIV DISPOSITIVO MED","MEDICINAS","COMERCIAL","PARCHE TRANSDERMICO","","-","1,389","-","-","1,389","2,778","-","-"
"10409","TERSOVIT TAB REC 400UI CAJ*30","OTC","DIV FARMA","MEDICINAS","COMERCIAL","TABLETA RECUBIERTA","","-","-","1,077","-","-","-","-","-"
"10862","ACTIVOX TAB MIEL-LIMON CAJ *16","OTC","DIV FARMA","MEDICINAS","NATURALES","TABLETA","","121,968","40,194","30,492","41,580","44,352","119,196","77,616","5,544"
"10863","ACTIVOX TAB MENTA-EUCALIPTO CAJ*16","OTC","DIV FARMA","MEDICINAS","NATURALES","TABLETA","","231,963","130,566","123,621","158,346","261,132","245,853","123,621","108,342"
"11342","COLLOPLUS SOL TOPICA FCO*20ML","OTC","DIVISION DELTA 1","MEDICINAS","COMERCIAL","SOLUCION TOPICA","","-","1,386","2,772","2,772","1,386","2,772","4,158","2,772"
"12003","ACITIP COMP MAST 800/40MG CAJ*20","OTC","DIV FARMA","MEDICINAS","COMERCIAL","COMPRIMIDO MASTICABLE","","-","11,104","11,104","9,716","18,044","11,104","31,924","5,552"
"12047","ANESTENKA SOL TOPICA TUBO*2ML","OTC","DIV FARMA","MEDICINAS","COMERCIAL","SOLUCION TOPICA","","-","-","-","-","-","1,378","-","-"
"12079","BOROSAN GRANUL SUPER PLUS SOB 2G CAJ*10","OTC","DIV FARMA","MEDICINAS","COMERCIAL","GRANULADO","","8,310","48,475","51,245","29,085","16,620","16,620","33,240","29,085"
"12107","CLOMAZOL CREMA 0.220G TUBO*20G","OTC","DIV FARMA","MEDICINAS","COMERCIAL","CREMA","","-","1,281","1,281","-","1,281","-","1,281","1,281"
"12108","CLOMAZOL 3 CREMA VAG 2% TUBO*20G","OTC","DIV FARMA","MEDICINAS","COMERCIAL","CREMA VAGINAL","","-","-","-","-","1,259","-","-","1,259"
"12120","DAVESOL P SHAMPOO 1G/100ML FCO*60ML","OTC","DIV FARMA","MEDICINAS","COMERCIAL","SHAMPOO","","-","-","968","-","-","-","-","-"
"12164","FERRO B COMPLEX JBE FCO*240ML","OTC","DIV FARMA","MEDICINAS","COMERCIAL","JARABE","","-","4,122","1,374","2,748","-","4,122","-","1,374"
"12171","FUNGIREX CREMA TUBO*32G","OTC","DIV FARMA","MEDICINAS","COMERCIAL","CREMA","","2,762","4,143","1,381","5,524","4,143","1,381","1,381","1,381"
"12172","FUNGIREX POLVO FCO*90G","OTC","DIV FARMA","MEDICINAS","COMERCIAL","POLVO","","8,322","12,483","2,774","4,161","5,548","9,709","9,709","6,935"
"12173","FUNGIREX SOL TOPICA INCOLORO FCO*60ML","OTC","DIV FARMA","MEDICINAS","COMERCIAL","SOLUCION TOPICA","","4,161","4,161","11,096","4,161","5,548","9,709","5,548","2,774"
"12177","GINECOSAN POLVO RECONST HIGIENE INT*100G","OTC","DIV FARMA","MEDICINAS","COMERCIAL","POLVO","","477","-","-","-","-","-","-","-"
"12294","NORMOLAX GOTAS FCO*15ML","OTC","DIV FARMA","MEDICINAS","COMERCIAL","GOTAS ORALES","","5,552","2,776","8,328","2,776","1,388","8,328","5,552","4,164"
"12313","OTODYNE GOTAS OTIC FCO*13ML","OTC","DIV FARMA","MEDICINAS","COMERCIAL","GOTAS OTICAS","","1,375","-","5,500","2,750","1,375","2,750","1,375","1,375"
"12317","PANALGESIC GEL FCO*60G","OTC","DIV FARMA","MEDICINAS","COMERCIAL","GEL","","1,383","-","-","-","-","1,383","-","-"
"12321","PANOXYL CARE CREMA 10% TUBO*30G","OTC","DIV FARMA","MEDICINAS","COMERCIAL","CREMA","","-","-","-","-","1,249","1,249","-","-"
"12322","PASSINERVAL ELIXIR FCO*240ML","OTC","DIV FARMA","MEDICINAS","NATURALES","ELIXIR","","-","1,380","-","-","2,760","1,380","1,380","1,380"
"12336","POVIDYN JAB LIQUIDO FCO*120ML","OTC","DIV FARMA","MEDICINAS","COMERCIAL","JABON","","1,337","2,674","1,337","-","-","1,337","1,337","1,337"
"12337","POVIDYN SOL TOPICA FCO*120ML","OTC","DIV FARMA","MEDICINAS","COMERCIAL","SOLUCION TOPICA","","4,155","6,925","4,155","4,155","1,385","2,770","2,770","4,155"
"12372","RUBEXAL FS CREMA TUBO*30G","OTC","DIV FARMA","MEDICINAS","COMERCIAL","CREMA","","-","-","-","-","-","1,104","-","-"
"12396","LIRA SOL FISIOLOGICA 0.9% FCO*60ML","OTC","DIVISION CONSUMO","MEDICINAS","COMERCIAL","SOLUCION TOPICA","","-","815","-","-","-","-","-","-"
"12399","LIRA SOL FISIOLOGICA 0.9% FCO*1000ML","OTC","DIVISION CONSUMO","MEDICINAS","COMERCIAL","SOLUCION TOPICA","","-","1,009","-","-","-","-","-","-"
"12432","TOPIDENT SOL TOPICA BUCAL ADU FCO*10ML","OTC","DIV FARMA","MEDICINAS","COMERCIAL","SOLUCION TOPICA","","2,772","4,158","2,772","1,386","5,544","-","1,386","8,316"
"12471","LIRA SOL AGUA OXIGENADA 10VOL FCO *120ML","OTC","DIVISION CONSUMO","MEDICINAS","COMERCIAL","SOLUCION TOPICA","","-","-","6,850","2,740","-","-","1,370","-"
"12502","AC FOLICO ECU TAB 5MG FCO*100","OTC","DIV FARMA","MEDICINAS","GENERICOS","TABLETA","","555,600","-","416,700","-","277,800","138,900","138,900","277,800"
"12505","LIRA SOL AGUA OXIGENADA 10VOL FCO*1000ML","OTC","DIVISION CONSUMO","MEDICINAS","COMERCIAL","SOLUCION TOPICA","","5,376","4,032","2,688","1,344","2,688","1,344","4,032","-"
"12511","COCIDERMIN UNG TUBO*30G","OTC","DIV FARMA","MEDICINAS","COMERCIAL","UNGÜENTO","","-","-","-","-","1,320","-","1,320","1,320"
"12573","PANALGESIC GEL FCO*180G","OTC","DIV FARMA","MEDICINAS","COMERCIAL","GEL","","-","1,377","1,377","-","2,754","1,377","2,754","1,377"
"12640","ACETAGEN JBE 160MG/5ML UVA FCO*60ML","OTC","DIV FARMA","MEDICINAS","COMERCIAL","JARABE","","8,460","-","705","-","705","1,410","-","-"
"12641","ACETAGEN GOTAS 100MG/ML UVA FCO*30ML","OTC","DIV FARMA","MEDICINAS","COMERCIAL","GOTAS ORALES","","-","-","482","-","-","482","482","482"
"12729","DERMA T JAB ANTI-CASPA/SEB CAJ*100G","OTC","DIV FARMA","MEDICINAS","COMERCIAL","JABON","","-","-","1,151","2,302","-","1,151","2,302","-"
"12871","ORALSEPT SOL 0.05G CLASICO FCO*240ML","OTC","DIV FARMA","MEDICINAS","COMERCIAL","SOLUCION TOPICA","","-","-","-","4,119","-","2,746","2,746","2,746"
"12996","ABRILAR JBE 700MG/100ML FCO*100ML","OTC","DIV FARMA","MEDICINAS","NATURALES","JARABE","","9,716","5,552","4,164","2,776","2,776","8,328","5,552","2,776"
"13370","LIRA SOL AGUA OXIGENADA 10VOL FCO*60ML","OTC","DIVISION CONSUMO","MEDICINAS","COMERCIAL","SOLUCION TOPICA","","1,129","-","1,129","-","-","-","-","-"
"13389","ORALSEPT SOL MENTA FRESCA FCO*240ML","OTC","DIV FARMA","MEDICINAS","COMERCIAL","SOLUCION TOPICA","","-","-","-","2,764","2,764","5,528","1,382","5,528"
"13474","VAGIL C CREMA VAG 1% TUBO*50G+6 APLICADO","OTC","DIV FARMA","MEDICINAS","COMERCIAL","CREMA VAGINAL","","-","-","-","-","-","1,262","-","-"
"13502","FLEET ENEMA SOL RECT ADU FCO*133ML","OTC","DIV FARMA","MEDICINAS","COMERCIAL","SOLUCION RECTAL","","1,386","-","1,386","-","-","1,386","-","1,386"
"13581","ATOSYL JBE PED FRAMBUESA FCO*60ML","OTC","DIV FARMA","MEDICINAS","COMERCIAL","JARABE","","1,232","-","2,464","2,464","1,232","-","-","2,464"
"13894","AERO-OM GOTAS 100MG/ML FCO*15ML","OTC","DIV FARMA","MEDICINAS","COMERCIAL","GOTAS ORALES","","1,385","5,540","4,155","4,155","-","-","1,385","4,155"
"15073","GYNO-CANESTEN OVU 200MG CAJ*3","OTC","DIV FARMA OTC","MEDICINAS","COMERCIAL","OVULO","","5,552","-","5,552","-","-","-","-","-"
"15107","HIRUDOID GEL 0.3% TUBO*20G","OTC","DIV FARMA","MEDICINAS","COMERCIAL","GEL","","-","-","1,241","2,482","2,482","4,964","2,482","2,482"
"16063","REFRESH TEARS SOL OFT 0.5% FCO*15ML","OTC","DIV FARMA","MEDICINAS","COMERCIAL","SOLUCION OFTALMICA","","-","-","-","-","-","-","-","2,352"
"16977","DENTURE PAST DENT ENCIAS MENTA *100G","OTC","DIV FARMA","MEDICINAS","COMERCIAL","PASTA","","-","-","-","880","-","-","-","-"
"16979","BIRM SOL INMUNOMODULADOR *120ML","OTC","DIV FARMA","MEDICINAS","NATURALES","SOLUCION ORAL","","-","1,365","-","-","-","-","-","-"
"17197","PYRALVEX SOL TOPICA DENTAL FCO*10ML","OTC","DIV FARMA","MEDICINAS","COMERCIAL","SOLUCION TOPICA","","-","-","-","-","-","1,222","1,222","-"
"17461","LINIMENTO OLIMPICO UNG FCO*115ML","OTC","DIV FARMA","MEDICINAS","COMERCIAL","UNGÜENTO","","8,328","4,164","12,492","5,552","1,388","4,164","5,552","1,388"
"17610","ANAUTIN TAB 50MG CAJ*100","OTC","DIV FARMA","MEDICINAS","COMERCIAL","TABLETA","","52,880","39,660","13,220","26,440","92,540","92,540","52,880","145,420"
"18987","ISLA CASSIS TAB CAJ*50","OTC","DIV FARMA","MEDICINAS","NATURALES","TABLETA","","-","-","-","-","-","-","33,300","-"
"19705","FUNGIREX POLVO FCO*45G","OTC","DIV FARMA","MEDICINAS","COMERCIAL","POLVO","","2,768","5,536","-","4,152","8,304","4,152","5,536","5,536"
"22206","LIRA FORMOL 37% FCO*1000ML","OTC","DIVISION CONSUMO","DISPOSITIVOS-REACTIVOS","DISPOSITIVO INVASIVO","------------","","-","-","-","-","802","-","-","-"
"23294","CIRUELAX JALEA LAXANTE FCO*150G","OTC","DIV FARMA","MEDICINAS","NATURALES","JALEA","","4,122","2,748","4,122","4,122","5,496","2,748","2,748","2,748"
"24405","COLESTIL CAP 30MG CAJ*20","OTC","FIV FARMA","MEDICINAS","COMERCIAL","CAPSULA","","38,599","-","13,310","-","5,324","7,986","26,620","13,310"
"24579","TRAUMEEL S POMADA TUBO*50G","OTC","DIV FARMA","MEDICINAS","HOMEOPATICOS","POMADA","","-","-","-","1,295","1,295","1,295","-","-"
"28713","FORTICHEM GOTAS FCO*30ML","OTC","DIV FARMA","MEDICINAS","COMERCIAL","GOTAS ORALES","","-","-","-","-","-","-","1,355","-"
"29065","TRI-BALL INSPIROMETRO *1","OTC","DIV DISPOSITIVO MED","DISPOSITIVOS-REACTIVOS","DISPOSITIVO NO INVASIVO","------------","","-","-","-","-","-","-","923","-"
"29666","OSCILLOCOCCINUM GLOBULOS CAJ*6","OTC","DIV FARMA","MEDICINAS","HOMEOPATICOS","GLOBULOS","","22,128","11,064","26,277","33,192","30,426","51,171","16,596","-"
"0000100039","TON WAS SOL BEBIBLE 10ML CAJ*10","OTC","DIV FARMA OTC","MEDICINAS","COMERCIAL","SOLUCION ORAL","","22,208","31,924","13,880","29,148","36,088","18,044","34,700","29,148"
"0000100079","DENSIBONE D TAB REC 1500MG/300UI FCO*30","OTC","DIV FARMA","MEDICINAS","COMERCIAL","TABLETA RECUBIERTA","","-","-","-","40,680","-","40,680","-","40,680"
"0000100732","MICOZ POLVO DES FUNGICIDA FCO*90G","OTC","DIV FARMA","MEDICINAS","COMERCIAL","POLVO","","-","-","-","-","-","1,012","-","-"
"0000100742","CEBION MINIS TAB MAST 100MG SOB 45 *10","OTC","DIV FARMA","MEDICINAS","COMERCIAL","TABLETA MASTICABLE","","-","-","-","3,762","1,254","2,508","-","3,762"
"0000101699","DEGRALER COMP REC 5MG CAJ*10","OTC","DIV FARMA","MEDICINAS","COMERCIAL","COMPRIMIDO RECUBIERTO","","83,340","-","1,389","1,389","15,279","62,505","66,672","26,391"
"0000101820","BERIFEN PATCH PARCH TRAN 140MG CAJ *5","OTC","DIV FARMA","MEDICINAS","COMERCIAL","PARCHE TRANSDERMICO","","6,540","-","-","-","-","-","-","-"
"0000101868","NODOREX POLVO FUNGICIDA PIES FCO*90G","OTC","DIV FARMA OTC","MEDICINAS","COMERCIAL","POLVO","","-","-","-","-","1,026","-","1,026","1,026"
"0000101880","ENTEROGERMINA SUSP 2 MILLARDOS/5ML *10","OTC","DIV FARMA CHC","MEDICINAS","COMERCIAL","SUSPENSION","","98,619","94,452","86,118","83,340","100,008","119,454","177,792","120,843"
"0000101950","FLUZETRIN F CAP BLD CAJ*10","OTC","DIV FARMA","MEDICINAS","COMERCIAL","CAPSULA BLANDA","","49,968","13,880","23,596","72,176","-","19,432","-","13,880"
"0000102040","YODOSALIL UNG 12G CAJ*12","OTC","DIV FARMA","MEDICINAS","COMERCIAL","UNGÜENTO","","-","2,112","1,056","-","1,056","-","-","-"
"0000103578","GARDEN GEL ANALG/ANTIINFL FCO*120G","OTC","DIV FARMA","MEDICINAS","COMERCIAL","GEL","","9,436","8,088","4,044","6,740","1,348","4,044","4,044","4,044"
"0000103703","ARKOVOX PROPOLIS JBE FCO *150ML","OTC","DIV FARMA","MEDICINAS","NATURALES","JARABE","","8,322","2,774","1,387","5,548","6,935","4,161","4,161","-"
"0000103827","CIRUELAX POLVO TE LAXANTE CAJ*10","OTC","DIV FARMA","MEDICINAS","NATURALES","POLVO","","2,600","1,300","1,300","6,500","-","5,200","5,200","-"
"0000103894","EPIHIERRO POLVO 100MG SOB 3G CAJ*20","OTC","FIV FARMA","MEDICINAS","COMERCIAL","POLVO","","-","-","-","-","-","13,020","-","-"
"0000103897","DIGESTA CAP BLD 250MG CAJ*20","OTC","DIV FARMA","MEDICINAS","COMERCIAL","CAPSULA BLANDA","","35,828","-","-","2,756","2,756","62,010","6,890","-"
"0000103901","DESPERTOL TAB 100MG CAJ*4","OTC","DIV FARMA","MEDICINAS","COMERCIAL","TABLETA","","-","1,104","1,104","3,312","1,104","3,312","-","-"
"0000103925","ISLAMINT TAB CAJ*50","OTC","DIV FARMA","MEDICINAS","NATURALES","TABLETA","","31,809","45,639","44,256","22,128","13,830","30,426","35,958","11,064"
"0000104101","FARMANOVA SOL ALCOHOL 70 ANTISEPT*GALON","OTC","DIV COSMETICOS","MEDICINAS","COMERCIAL","SOLUCION TOPICA","","1,358","1,358","1,358","-","1,358","-","-","-"
"0000104257","GELCAVIT Q-10 CAP LIQ CAJ*30","OTC","DIV FARMA","MEDICINAS","COMERCIAL","CAPSULA LIQUIDA","","-","-","-","12,280","-","-","-","24,560"
"0000104258","GELCAVIT NATAL CAP LIQ CAJ *30","OTC","DIV FARMA","MEDICINAS","COMERCIAL","CAPSULA LIQUIDA","","5,216","53,464","39,120","39,120","-","39,120","-","-"
"0000104520","FINALIN TAB MAST 160MG NIÑOS CAJ*30","OTC","DIV FARMA","MEDICINAS","COMERCIAL","TABLETA MASTICABLE","","36,930","24,620","73,860","86,170","86,170","73,860","-","36,930"
"0000104569","YODOSALIL GEL TUBO*60G","OTC","DIV FARMA","MEDICINAS","COMERCIAL","GEL","","1,160","1,160","-","1,160","-","-","1,160","-"
"0000104679","KALOBA GOTAS FCO*20ML","OTC","DIVISION MEDIHEALTH","MEDICINAS","NATURALES","GOTAS ORALES","","-","2,762","-","1,381","-","1,381","-","-"
"0000105160","LEVOCET CAP LIQ 5MG CAJ*10","OTC","DIV FARMA","MEDICINAS","COMERCIAL","CAPSULA LIQUIDA","","66,624","45,804","61,072","123,532","63,848","106,876","44,416","13,880"
"0000105931","PROPOLIS GOTAS FCO*30ML","OTC","DIV FARMA","MEDICINAS","NATURALES","GOTAS ORALES","","-","-","-","-","1,349","-","-","-"
"0000106083","ENZIMOL Q10 CAP CAJ*20","OTC","DIV FARMA","MEDICINAS","COMERCIAL","CAPSULA","","-","-","13,160","26,320","-","-","-","-"
"0000106107","NERVINETAS COMP REC CAJ*15","OTC","DIV FARMA","MEDICINAS","NATURALES","COMPRIMIDO RECUBIERTO","","19,432","31,924","29,148","26,372","34,700","23,596","54,132","4,164"
"0000106455","INSOCAPS CAP LIQ CAJ*30","OTC","DIV FARMA","MEDICINAS","NATURALES","CAPSULA LIQUIDA","","43,872","-","17,823","-","68,550","-","2,742","-"
"0000107290","ACCU-CHEK@@PERFORMA TIRAS REACTIVAS *50","OTC","DIV DISPOSITIVO MED","DISPOSITIVOS-REACTIVOS","BIOQUIMICOS","------------","","1,165","-","-","-","-","-","-","-"
"0000107766","DEGRALER JBE 2.5MG/5ML FCO*100ML","OTC","DIV FARMA","MEDICINAS","COMERCIAL","JARABE","","1,388","2,776","4,164","1,388","4,164","2,776","6,940","1,388"
"0000107767","DEGRALER GOTAS 5MG/ML FCO*15ML","OTC","DIV FARMA","MEDICINAS","COMERCIAL","GOTAS ORALES","","-","-","-","1,375","-","-","-","-"
"0000107769","EUCAMIEL JBE FCO*120ML","OTC","DIV FARMA","MEDICINAS","NATURALES","JARABE","","2,776","8,328","1,388","4,164","2,776","9,716","2,776","-"
"0000107965","STEVIA LIFE ENDULZ SOB 1G CAJ*50","OTC","DIV ALIM MINIMARKET","MEDICINAS","NATURALES","POLVO","","-","-","-","748","-","-","-","-"
"0000107966","STEVIA LIFE ENDULZ SOB 1G CAJ*100","OTC","DIV ALIM MINIMARKET","MEDICINAS","NATURALES","POLVO","","-","-","-","-","-","-","1,023","-"
"0000108301","EUCAMIEL JBE FCO*240ML","OTC","DIV FARMA","MEDICINAS","NATURALES","JARABE","","1,374","1,374","1,374","5,496","4,122","10,992","2,748","2,748"
"0000108337","BEROCCA PERFORMANCE COMP LAQ CAJ *30","OTC","DIV FARMA OTC","MEDICINAS","COMERCIAL","COMPRIMIDO LAQUEADO","","-","-","654","-","-","-","-","-"
"0000108664","OPTIVE SOL OFT 0.5/0.9% FCO*15ML","OTC","DIV FARMA","MEDICINAS","COMERCIAL","SOLUCION OFTALMICA","","3,387","2,258","2,258","2,258","1,129","3,387","-","1,129"
"0000108755","PHARMATON KIDDI JBE FCO*200ML","OTC","DIV FARMA CHC","MEDICINAS","COMERCIAL","JARABE","","-","-","1,365","-","-","1,365","-","1,365"
"0000108800","FORCAPIL CAP CAJ*60","OTC","DIV FARMA","MEDICINAS","COMERCIAL","CAPSULA","","-","155,640","-","-","-","-","-","-"
"0000109169","LUVIS SOL OFT FCO*15ML","OTC","DIV FARMA OTC","MEDICINAS","COMERCIAL","SOLUCION OFTALMICA","","-","-","-","-","-","-","1,382","-"
"0000109177","SEBONIL EMULSION WASH FCO*120ML","OTC","DIV FARMA","MEDICINAS","COMERCIAL","EMULSION","","-","-","-","-","-","-","1,310","1,310"
"0000109549","BEROCCA PERFORMANCE COMP EFERV FCO*10","OTC","DIV FARMA OTC","MEDICINAS","COMERCIAL","COMPRIMIDO EFERVESCENTE","","-","-","-","1,376","4,128","1,376","-","1,376"
"0000110396","FARMANOVA SOL ALCOHOL 70 SPR*500ML","OTC","DIV COSMETICOS","MEDICINAS","COMERCIAL","SOLUCION TOPICA","","2,654","1,327","2,654","-","-","1,327","-","1,327"
"0000110878","FISIOL UB SOL SPR 9MG/ML FCO*40ML","OTC","DIV FARMA","MEDICINAS","COMERCIAL","SOLUCION TOPICA","","-","3,987","1,329","3,987","1,329","-","-","1,329"
"0000110889","LACTULOSA ACROMAX JBE 3.33G/5ML *220ML","OTC","DIV FARMA","MEDICINAS","GENERICOS","JARABE","","-","-","-","1,259","-","-","-","-"
"0000111532","ABRILAR COMP EFERV 65MG CAJ *10","OTC","DIV FARMA","MEDICINAS","NATURALES","COMPRIMIDO EFERVESCENTE","","-","-","-","1,282","1,282","1,282","-","-"
"0000111554","BUPREX FLASH CAP BLD 200MG CAJ*10","OTC","DIV FARMA","MEDICINAS","COMERCIAL","CAPSULA BLANDA","","-","-","-","-","41,370","-","-","-"
"0000111555","BUPREX FLASH CAP LIQ 400MG CAJ*10","OTC","DIV FARMA","MEDICINAS","COMERCIAL","CAPSULA LIQUIDA","","283,356","301,413","326,415","250,020","290,301","279,189","166,680","230,574"
"0000112662","SAL ANDREWS POLVO EFER ORIGINAL CAJ*12","OTC","DIV FARMA","MEDICINAS","COMERCIAL","POLVO EFERVESCENTE","","4,065","5,420","2,710","2,710","1,355","4,065","2,710","1,355"
"0000112841","BEROCCA PERFORMANCE COMP EFERV FCO*30","OTC","DIV FARMA OTC","MEDICINAS","COMERCIAL","COMPRIMIDO EFERVESCENTE","","-","1,326","-","-","1,326","1,326","-","-"
"0000113037","ABRILAR JBE 700MG/100ML FCO*200ML","OTC","DIV FARMA","MEDICINAS","NATURALES","JARABE","","2,758","1,379","1,379","2,758","2,758","2,758","4,137","-"
"0000113128","ESCAPEL COMP 1.5MG CAJ *1","OTC","DIV FARMA","MEDICINAS","COMERCIAL","COMPRIMIDO","","40,223","51,319","36,062","41,610","65,189","63,802","54,093","54,093"
"0000113845","ENTEROGERMINA@@CAP 2 MILLARDOS CAJ*12","OTC","DIV FARMA CHC","MEDICINAS","COMERCIAL","CAPSULA","","-","-","9,500","-","-","-","-","-"
"0000114085","ORALYTE POLVO MANZANA SOB CAJ*10","OTC","DIV FARMA","MEDICINAS","COMERCIAL","POLVO","","23,239","12,303","2,734","1,367","15,037","23,239","2,734","20,505"
"0000114086","ORALYTE POLVO COCO SOB CAJ*10","OTC","DIV FARMA","MEDICINAS","COMERCIAL","POLVO","","-","1,385","2,770","1,385","12,465","4,155","13,850","13,850"
"0000114087","ORALYTE POLVO FRESA SOB CAJ*10","OTC","DIV FARMA","MEDICINAS","COMERCIAL","POLVO","","5,540","9,695","2,770","1,385","9,695","12,465","5,540","2,770"
"0000114676","BABY DERM CREMA ANTI-PANALITIS TUBO*100G","OTC","DIVISION CONSUMO","MEDICINAS","COMERCIAL","CREMA","","-","1,040","-","-","-","-","-","-"
"0000115661","COLESTIL POLVO SOB 2.5G CAJ*10","OTC","FIV FARMA","MEDICINAS","COMERCIAL","POLVO","","30,820","10,720","5,360","10,720","8,040","13,400","14,740","14,740"
"0000115838","LIRA SOL FISIOLOGICA 0.9% FCO *45ML","OTC","DIVISION CONSUMO","MEDICINAS","COMERCIAL","SOLUCION TOPICA","","979","-","-","-","-","-","-","-"
"0000115840","ABEJALIN KIDS JBE PROPOLEO/JALEA *120ML","OTC","DIV NATURALES","MEDICINAS","NATURALES","JARABE","","859","-","-","-","-","-","859","859"
"0000116278","NUTRIZYM PLUS@@GRAGEAS CAJ*40","OTC","DIV FARMA","MEDICINAS","COMERCIAL","GRAGEA","","6,536","-","9,804","6,536","-","3,268","817","-"
"0000116379","HEPALIVE FORTE CAP CAJ*40","OTC","DIV FARMA","MEDICINAS","COMERCIAL","CAPSULA","","625,500","166,800","125,100","569,900","681,100","750,600","458,700","375,300"
"0000116689","ASPIRINA ADVANCE TAB 650/65MG CAJ*40","OTC","DIV FARMA OTC","MEDICINAS","COMERCIAL","TABLETA","","70,686","151,074","36,036","34,650","48,510","73,458","76,230","54,054"
"0000116724","GASTROGEL SUSP 800/60MG/10ML FCO*200ML","OTC","DIV FARMA","MEDICINAS","COMERCIAL","SUSPENSION","","980","-","-","-","-","-","-","-"
"0000116739","GERIMAX TAB INSTANT ENERGY CAJ*30","OTC","DIV COSMETICOS","MEDICINAS","NATURALES","TABLETA","","-","-","-","-","-","-","7,984","18,962"
"0000116826","PEDIALYTE 30 ACT SOL ORAL COCO *500ML","OTC","DIV ALIM NUTRICION","MEDICINAS","COMERCIAL","SOLUCION ORAL","","1,370","-","-","-","-","2,740","-","1,370"
"0000116827","PEDIALYTE 30 ACT SOL ORAL CEREZA *500ML","OTC","DIV ALIM NUTRICION","MEDICINAS","COMERCIAL","SOLUCION ORAL","","1,359","2,718","-","-","1,359","-","-","-"
"0000116829","PEDIALYTE ACTIVE 30 SOL ORAL MANZ *500ML","OTC","DIV ALIM NUTRICION","MEDICINAS","COMERCIAL","SOLUCION ORAL","","-","1,324","-","-","-","-","-","-"
"0000116830","PEDIALYTE 45 SOL ORAL FRESA *500ML","OTC","DIV ALIM NUTRICION","MEDICINAS","COMERCIAL","SOLUCION ORAL","","4,122","12,366","6,870","-","6,870","4,122","4,122","1,374"
"0000116832","PEDIALYTE 60 MAX SOL ORAL MANZANA *500ML","OTC","DIV ALIM NUTRICION","MEDICINAS","COMERCIAL","SOLUCION ORAL","","6,930","5,544","2,772","12,474","-","12,474","16,632","4,158"
"0000116833","PEDIALYTE 60 MAX SOL ORAL UVA *500ML","OTC","DIV ALIM NUTRICION","MEDICINAS","COMERCIAL","SOLUCION ORAL","","9,716","8,328","6,940","-","1,388","16,656","9,716","4,164"
"0000117424","ENDIAL DIGEST COMP REC CAJ*20","OTC","DIV FARMA","MEDICINAS","COMERCIAL","COMPRIMIDO RECUBIERTO","","13,890","6,945","4,167","-","16,668","33,336","4,167","11,112"
"0000118304","DEGRALER FORTE JBE 5MG/5ML FCO*100ML","OTC","DIV FARMA","MEDICINAS","COMERCIAL","JARABE","","-","-","-","-","1,368","-","-","1,368"
"0000118388","ENCIDENT SOL TOPICA PROFESIONAL *500ML","OTC","DIV COSMETICOS","MEDICINAS","COMERCIAL","SOLUCION TOPICA","","-","-","-","-","2,588","-","-","1,294"
"0000118642","NEOGRIPAL F CAP BLD CAJ*100","OTC","DIV FARMA","MEDICINAS","COMERCIAL","CAPSULA BLANDA","","21,328","9,331","18,662","27,993","29,326","34,658","34,658","5,332"
"0000118716","NEOGRIPAL F CAP BLD CAJ*10","OTC","DIV FARMA","MEDICINAS","COMERCIAL","CAPSULA BLANDA","","-","2,658","2,658","1,329","-","1,329","3,987","-"
"0000119204","ASPIRINA ADVANCED POLVO EFERV SOB CAJ*20","OTC","DIV FARMA OTC","MEDICINAS","COMERCIAL","POLVO EFERVESCENTE","","209,739","158,346","184,737","143,067","162,513","136,122","205,572","184,737"
"0000119583","VAPORAL INHALADOR TUBO*10G","OTC","DIV FARMA","MEDICINAS","COMERCIAL","SOLUCION NASAL","","2,072","3,108","3,108","-","4,144","3,108","6,216","1,036"
"0000119747","KONABON SHAMPOO 2/2% FCO*150ML","OTC","DIV FARMA","MEDICINAS","COMERCIAL","SHAMPOO","","-","-","2,722","-","1,361","-","1,361","1,361"
"0000119906","MEDICASP SHAMPOO FCO*130ML","OTC","DIV COSMETICOS","MEDICINAS","COMERCIAL","SHAMPOO","","1,383","-","1,383","2,766","-","-","1,383","1,383"
"0000119964","KALOBA GOTAS FCO*50ML","OTC","DIV FARMA","MEDICINAS","NATURALES","GOTAS ORALES","","2,768","2,768","1,384","4,152","5,536","5,536","1,384","1,384"
"0000119996","SYSTANE ULTRA SOL OFT 0.4/0.3% *10ML","OTC","DIV FARMA","MEDICINAS","COMERCIAL","SOLUCION OFTALMICA","","4,167","2,778","4,167","4,167","2,778","2,778","4,167","2,778"
"0000120317","BUCAGEL GEL TOPICO BUCAL TUBO*9.5G","OTC","DIV FARMA","MEDICINAS","COMERCIAL","GEL","","1,325","1,325","-","-","1,325","1,325","-","-"
"0000120360","PROSTALEX CAP CAJ*40","OTC","DIV FARMA","MEDICINAS","NATURALES","CAPSULA","","105,680","52,840","52,840","105,680","52,840","-","52,840","-"
"0000120453","LOMECAN V CREMA VAG 2% TUBO*20G","OTC","DIV COSMETICOS","MEDICINAS","COMERCIAL","CREMA VAGINAL","","13,890","5,556","2,778","9,723","8,334","6,945","9,723","5,556"
"0000120669","HISTACALM CLEAR LOCION FCO*100ML","OTC","DIV FARMA","MEDICINAS","COMERCIAL","LOCION","","1,367","-","-","-","-","2,734","5,468","6,835"
"0000120946","COLON LIVE POLVO FCO*500G","OTC","DIV FARMA","MEDICINAS","NATURALES","POLVO","","-","-","962","-","-","-","-","-"
"0000120989","DUPHALAC JBE 66.7G/100ML FCO*200ML","OTC","DIV FARMA","MEDICINAS","COMERCIAL","JARABE","","1,378","1,378","2,756","5,512","-","9,646","-","4,134"
"0000121312","ALKA SELTZER BOOST TAB EFERV CAJ*10","OTC","DIV FARMA OTC","MEDICINAS","COMERCIAL","TABLETA EFERVESCENTE","","195,849","116,676","79,173","76,395","81,951","95,841","131,955","104,175"
"0000121485","ALLEGRA SUSP 30MG/5ML PED FCO*150ML","OTC","DIV FARMA CHC","MEDICINAS","COMERCIAL","SUSPENSION","","-","1,365","1,365","1,365","-","-","-","-"
"0000121516","APEVITIN BC JBE CEREZA FCO*240ML","OTC","DIV FARMA","MEDICINAS","COMERCIAL","JARABE","","-","-","-","1,385","-","1,385","2,770","2,770"
"0000121587","TEARSOFT SOL OFT 5MG/ML FCO*15ML","OTC","DIV FARMA","MEDICINAS","COMERCIAL","SOLUCION OFTALMICA","","-","-","-","-","-","-","3,423","-"
"0000121674","APYRAL JBE 160MG/5ML FRESA FCO*120ML","OTC","DIV FARMA","MEDICINAS","COMERCIAL","JARABE","","-","-","-","1,381","-","-","-","-"
"0000121776","NIKZON TAB MAST HEMORROIDES CAJ*90","OTC","DIV COSMETICOS","MEDICINAS","NATURALES","TABLETA MASTICABLE","","235,960","374,760","55,520","263,720","180,440","277,600","277,600","299,808"
"0000121834","QG5 TAB CAJ *30","OTC","DIV COSMETICOS","MEDICINAS","NATURALES","TABLETA","","54,015","-","55,400","5,540","8,310","9,695","2,770","52,630"
"0000121945","CREON 25 000 CAP 300MG CAJ*20","OTC","DIV FARMA","MEDICINAS","COMERCIAL","CAPSULA","","-","12,690","5,076","-","2,538","2,538","-","-"
"0000122042","CRISTALTEARS SOL OFT 0.5% FCO*10ML","OTC","DIVISION POEN","MEDICINAS","COMERCIAL","SOLUCION OFTALMICA","","-","-","-","2,728","-","-","-","-"
"0000122407","ESSENTIALE CAP 300MG CAJ*30","OTC","DIV FARMA CHC","MEDICINAS","COMERCIAL","CAPSULA","","3,879","3,879","18,102","5,172","-","2,586","-","-"
"0000122508","DUOPAS CAP BLD 400/20MG CAJ *10","OTC","DIV FARMA","MEDICINAS","COMERCIAL","CAPSULA BLANDA","","23,613","47,226","50,004","81,951","51,393","48,615","56,949","66,672"
"0000122532","LOMAZOL COMP REC 5MG CAJ*10","OTC","DIV FARMA","MEDICINAS","COMERCIAL","COMPRIMIDO RECUBIERTO","","-","12,330","1,233","12,330","20,961","16,029","23,427","13,563"
"0000122594","OVARINA CAP CAJ*40","OTC","DIV FARMA","MEDICINAS","NATURALES","CAPSULA","","-","-","-","-","-","-","-","1,284"
"0000122749","KUFER Q RECARGADO CAP 170/30MG CAJ*30","OTC","FIV FARMA","MEDICINAS","COMERCIAL","CAPSULA","","8,250","-","13,750","5,500","2,750","-","49,500","1,375"
"0000122775","ARKOLAGEN PLUS POLVO SACHET 11G CAJ*14","OTC","DIV FARMA","MEDICINAS","COMERCIAL","POLVO","","69,100","-","-","40,078","-","38,696","22,112","58,044"
"0000122777","CYS CONTROL POLVO SACHET 5G CAJ*14","OTC","DIV FARMA","MEDICINAS","NATURALES","POLVO","","9,625","34,375","1,375","-","5,500","34,375","-","5,500"
"0000123014","NEOLAX POLVO 100G FCO*250G","OTC","DIV FARMA","MEDICINAS","COMERCIAL","POLVO","","1,297","-","2,594","-","-","-","-","-"
"0000123034","SIMARIN Q FORTE CAP CAJ*20","OTC","DIV FARMA OTC","MEDICINAS","COMERCIAL","CAPSULA","","-","5,604","11,208","-","-","-","-","-"
"0000123045","TOPIDENT PLUS SOL TOPICA BUCAL INF *10ML","OTC","DIV FARMA","MEDICINAS","COMERCIAL","SOLUCION TOPICA","","2,766","-","2,766","5,532","-","0","2,766","5,532"
"0000123121","KUFER Q FORTE CAP 140/10MG CAJ*30","OTC","FIV FARMA","MEDICINAS","COMERCIAL","CAPSULA","","141,678","297,246","101,397","140,289","138,900","65,283","95,841","33,336"
"0000123453","MENTHOLATUM UNG FCO *85G","OTC","DIV FARMA","MEDICINAS","COMERCIAL","UNGÜENTO","","2,720","1,360","4,080","-","-","2,720","-","2,720"
"0000124071","SISDIAL COMP REC CAJ*20","OTC","DIV FARMA","MEDICINAS","COMERCIAL","COMPRIMIDO RECUBIERTO","","-","-","8,435","1,205","2,410","-","-","-"
"0000124109","NIMPAS TAB REC 200/30MG CAJ*20","OTC","DIV FARMA","MEDICINAS","COMERCIAL","TABLETA RECUBIERTA","","1,343","8,058","2,686","2,686","8,058","9,401","25,517","14,773"
"0000124110","ECE CAP 200/200MG CAJ*30","OTC","DIV FARMA","MEDICINAS","COMERCIAL","CAPSULA","","-","-","-","-","-","-","-","17,280"
"0000124206","PARALGEN JBE 150MG/5ML FRU ROJ FCO*120ML","OTC","DIV FARMA OTC","MEDICINAS","COMERCIAL","JARABE","","5,324","13,310","15,972","10,648","15,972","7,986","6,655","2,662"
"0000124229","FARMANOVA AGUA OXIGENAD SOL 10VOL *120ML","OTC","DIV COSMETICOS","MEDICINAS","COMERCIAL","SOLUCION TOPICA","","10,960","6,850","6,850","8,220","15,070","16,440","20,550","5,480"
"0000124296","MULTIFLORA POLVO 1 X 10E9 UFC SOB 1G *14","OTC","DIV FARMA","MEDICINAS","COMERCIAL","POLVO","","2,778","13,890","8,334","40,281","25,002","61,116","19,446","50,004"
"0000124362","CAL-MAG-ZINC-VIT D XTRALIFE TAB REC *100","OTC","DIV NATURAL","MEDICINAS","GENERICOS","TABLETA RECUBIERTA","","-","495","-","-","-","-","-","-"
"0000124801","DAYAMIN EMULSION PED FCO*120ML","OTC","DIV FARMA","MEDICINAS","COMERCIAL","EMULSION","","-","-","-","1,318","-","-","-","-"
"0000124849","FLUIDINE TAB EFERV 600MG CAJ*20","OTC","DIV FARMA","MEDICINAS","COMERCIAL","TABLETA EFERVESCENTE","","5,188","-","-","-","15,564","25,940","-","-"
"0000124965","TRAUMALIV CAP FCO*30","OTC","DIV NATURAL","MEDICINAS","NATURALES","CAPSULA","","-","-","-","498","498","-","-","-"
"0000124986","CIRUELAX FORTE COMP REC 125MG CAJ*24","OTC","DIV FARMA","MEDICINAS","NATURALES","COMPRIMIDO RECUBIERTO","","-","-","-","-","1,373","-","1,373","1,373"
"0000125113","GENFARGRIP TAB TRIPLE ACCION CAJ*12","OTC","DIV FARMA","MEDICINAS","COMERCIAL","TABLETA","","30,514","263,530","438,292","463,258","682,404","660,212","233,016","233,016"
"0000125136","LAGRIMAS ARTIF SANTE SOL OFT FCO*15ML","OTC","DIV FARMA","MEDICINAS","GENERICOS","SOLUCION OFTALMICA","","1,381","2,762","1,381","1,381","2,762","1,381","4,143","-"
"0000125148","DIGERIL FORTE SUSP FCO*200ML","OTC","DIV FARMA","MEDICINAS","COMERCIAL","SUSPENSION","","2,768","2,768","1,384","2,768","-","1,384","-","-"
"0000125193","FINALIN FEM TAB REC 325/200MG CAJ*30","OTC","DIV FARMA","MEDICINAS","COMERCIAL","TABLETA RECUBIERTA","","-","-","-","-","10,130","-","-","-"
"0000125443","HIDRAPLUS 75 + ZINC SOL UVA FCO*400ML","OTC","ETICOS TQ","MEDICINAS","COMERCIAL","SOLUCION ORAL","","2,764","2,764","2,764","6,910","6,910","8,292","-","2,764"
"0000125444","HIDRAPLUS 75 + ZINC SOL CEREZA FCO*400ML","OTC","ETICOS TQ","MEDICINAS","COMERCIAL","SOLUCION ORAL","","1,361","2,722","-","4,083","2,722","9,527","2,722","5,444"
"0000125459","FEMELAC OVU 190MG CAJ*10","OTC","DIV FARMA","MEDICINAS","COMERCIAL","OVULO","","10,970","-","-","-","10,970","-","-","-"
"0000126356","DIGERIL SUSP 800/60MG/10ML FCO*200ML","OTC","DIV FARMA","MEDICINAS","COMERCIAL","SUSPENSION","","4,161","-","1,387","2,774","5,548","5,548","8,322","1,387"
"0000126394","FORTZINK CAP BLD 20MG CAJ*20","OTC","DIV FARMA","MEDICINAS","COMERCIAL","CAPSULA BLANDA","","-","-","-","-","26,520","-","-","-"
"0000126395","FORTZINK GOTAS 10MG/ML VAINILLA FCO*30ML","OTC","DIV FARMA","MEDICINAS","COMERCIAL","GOTAS ORALES","","-","-","1,330","-","-","-","-","-"
"0000126507","ACITIP NF GEL 800/100MG/10ML FCO*250ML","OTC","DIV FARMA","MEDICINAS","COMERCIAL","GEL ORAL","","2,772","-","1,386","1,386","-","2,772","2,772","-"
"0000126602","LACTIBON FEM OVU 190MG CAJ*7","OTC","DIV FARMA","MEDICINAS","COMERCIAL","OVULO","","-","7,714","-","-","-","-","-","-"
"0000126607","FLURITOX F CAP CAJ*30","OTC","DIV FARMA","MEDICINAS","COMERCIAL","CAPSULA","","-","-","76,620","38,310","-","12,770","-","-"
"0000126793","HIDRAPLUS 75 + ZINC SOL COCO FCO*400ML","OTC","ETICOS TQ","MEDICINAS","COMERCIAL","SOLUCION ORAL","","2,708","1,354","2,708","6,770","1,354","5,416","-","-"
"0000127010","ENTEROGERMINA PLUS SUSP 4 MILLARDOS/5ML","OTC","DIV FARMA CHC","MEDICINAS","COMERCIAL","SUSPENSION","","58,338","63,894","61,116","66,672","69,450","87,507","176,403","116,676"
"0000127049","MAGANYL SUSP 800/60MG/10ML FCO*240ML","OTC","DIV FARMA","MEDICINAS","COMERCIAL","SUSPENSION","","-","-","1,075","-","-","-","-","-"
"0000127056","KALOBA COMP REC 20MG CAJ*15","OTC","DIVISION MEDIHEALTH","MEDICINAS","NATURALES","COMPRIMIDO RECUBIERTO","","-","-","-","-","-","20,400","-","-"
"0000127096","HIDRAPLUS 45 + ZINC SOL MANZAN FCO*400ML","OTC","ETICOS TQ","MEDICINAS","COMERCIAL","SOLUCION ORAL","","1,380","5,520","1,380","5,520","6,900","17,940","5,520","2,760"
"0000127097","HIDRAPLUS 45 + ZINC SOL UVA FCO*400ML","OTC","ETICOS TQ","MEDICINAS","COMERCIAL","SOLUCION ORAL","","1,351","-","1,351","-","4,053","1,351","1,351","4,053"
"0000127098","HIDRAPLUS 45 + ZINC SOL FRESA FCO*400ML","OTC","ETICOS TQ","MEDICINAS","COMERCIAL","SOLUCION ORAL","","6,900","2,760","1,380","6,900","16,560","9,660","2,760","12,420"
"0000127248","FORTZINK JBE 20MG/5ML FCO*120ML","OTC","DIV FARMA","MEDICINAS","COMERCIAL","JARABE","","-","2,772","2,772","1,386","4,158","2,772","-","1,386"
"0000127360","HEPABIONTA PLUS CAP CAJ*40","OTC","DIV FARMA","MEDICINAS","COMERCIAL","CAPSULA","","-","2,196","2,196","-","-","-","-","-"
"0000127973","TUSSOLVINA FIT JBE 2/20MG/ML FCO*120ML","OTC","DIV FARMA","MEDICINAS","COMERCIAL","JARABE","","-","-","-","-","1,106","-","-","-"
"0000128099","ACEITE DE RICINO WEIR SOL OLEO FCO*30ML","OTC","DIVISION CONSUMO","MEDICINAS","GENERICOS","SOLUCION ORAL","","-","6,390","-","-","-","2,556","2,556","-"
"0000128106","AGUA GOULARD WEIR SOL TOPICA FCO*120ML","OTC","DIVISION CONSUMO","MEDICINAS","GENERICOS","SOLUCION TOPICA","","-","-","-","3,297","3,297","1,099","-","-"
"0000128127","ENERVITAL SOL SHOT FCO*60ML","OTC","DIV NATURAL","MEDICINAS","NATURALES","SOLUCION ORAL","","-","-","-","-","971","-","-","-"
"0000128194","MARIMER BABY SPR NASAL ISOTONICO *100ML","OTC","DIV NATURAL","MEDICINAS","NATURALES","SPRAY","","-","1,384","2,768","1,384","2,768","-","2,768","1,384"
"0000128195","MARIMER BABY SPR NASAL HIPERTONIC *100ML","OTC","DIV NATURAL","MEDICINAS","NATURALES","SPRAY","","-","-","-","-","-","-","1,382","-"
"0000128252","ACEITE DE RICINO WEIR SOL OLEO FCO*60ML","OTC","DIVISION CONSUMO","MEDICINAS","GENERICOS","SOLUCION ORAL","","2,430","4,860","-","1,215","-","-","2,430","-"
"0000128472","PARALGEN CAP BLD 500MG CAJ*30","OTC","DIV FARMA OTC","MEDICINAS","COMERCIAL","CAPSULA BLANDA","","-","-","-","-","-","-","20,460","-"
"0000128689","TRAUMALIV CAP 2 POR C/SACHET CAJ*30","OTC","DIV NATURAL","MEDICINAS","NATURALES","CAPSULA","","-","-","-","-","-","596","-","9,536"
"0000128730","FLORATIL POLVO SUSP 250MG SOB CAJ*10","OTC","DIV FARMA","MEDICINAS","COMERCIAL","POLVO PARA SUSPENSION","","15,235","6,925","8,310","2,770","11,080","23,545","8,310","15,235"
"0000128763","NISTADERM CREMA TUBO*30G","OTC","DIV FARMA","MEDICINAS","COMERCIAL","CREMA","","-","1,379","-","1,379","1,379","1,379","2,758","-"
"0000128787","UMBRAL JBE 150MG/5ML INF CEREZ FCO*120ML","OTC","DIV FARMA","MEDICINAS","COMERCIAL","JARABE","","15,279","8,334","9,723","8,334","5,556","11,112","8,334","6,945"
"0000128938","PANVIT JBE ADULTOS MAYORES FCO*120ML","OTC","DIV FARMA","MEDICINAS","COMERCIAL","JARABE","","-","-","2,262","1,131","-","-","-","-"
"0000128946","FARMANOVA SOL ALCOHOL 70 SPR*120ML","OTC","DIV COSMETICOS","MEDICINAS","COMERCIAL","SOLUCION TOPICA","","8,310","2,770","5,540","11,080","5,540","8,310","15,235","15,235"
"0000128980","ACETAGEN SOFTGEL CAP BLD 500MG CAJ*30","OTC","DIV FARMA","MEDICINAS","COMERCIAL","CAPSULA BLANDA","","202,880","197,808","277,692","43,112","41,844","63,400","92,564","91,296"
"0000129091","VITANGO COMP REC 200MG CAJ*30","OTC","DIV FARMA","MEDICINAS","NATURALES","COMPRIMIDO RECUBIERTO","","-","-","15,119","-","-","-","-","-"
"0000129475","FINALIN MUSCULAR TAB REC 575MG CAJ*20","OTC","DIV FARMA","MEDICINAS","COMERCIAL","TABLETA RECUBIERTA","","16,356","17,719","20,445","12,267","25,897","4,089","2,726","8,178"
"0000129507","CANESFORTE PLUS CREMA TUBO*15G","OTC","DIV FARMA OTC","MEDICINAS","COMERCIAL","CREMA","","-","-","-","-","1,222","-","-","-"
"0000129531","MOLAR-EX FORTE CAP 400/200MG CAJ*20","OTC","FIV FARMA","MEDICINAS","COMERCIAL","CAPSULA","","16,116","21,488","36,261","16,116","17,459","25,517","22,831","29,546"
"0000129560","NEOLAX POLVO 100G SOB 17G CAJ*10","OTC","DIV FARMA","MEDICINAS","COMERCIAL","POLVO","","-","-","-","-","13,560","-","-","-"
"0000129583","BERIFEN GEL 1% TUBO*50G","OTC","DIV FARMA","MEDICINAS","COMERCIAL","GEL","","-","-","-","-","2,674","1,337","2,674","-"
"0000129617","RECORDERIS TAB REC MEMORY+ENERGY FCO*30","OTC","DIV FARMA OTC","MEDICINAS","COMERCIAL","TABLETA RECUBIERTA","","-","-","-","1,367","-","-","-","1,367"
"0000129633","ZINKIDS JBE 10MG/5ML CEREZA FCO*120ML","OTC","ETICOS TQ","MEDICINAS","COMERCIAL","JARABE","","2,760","-","-","-","-","-","-","-"
"0000129873","GARDEN FORTE GEL EXTRA FUERTE FCO*140G","OTC","DIV FARMA","MEDICINAS","COMERCIAL","GEL","","5,500","6,875","5,500","2,750","4,125","9,625","5,500","8,250"
"0000129918","X RAY CAP CAJ*40","OTC","DIV COSMETICOS","MEDICINAS","COMERCIAL","CAPSULA","","-","-","-","-","54,000","54,000","-","14,850"
"0000129919","TUKOL-D SOL FCO*125ML","OTC","DIV COSMETICOS","MEDICINAS","COMERCIAL","SOLUCION ORAL","","6,915","-","2,766","4,149","1,383","-","4,149","4,149"
"0000129920","LOMECAN V OVU 200MG CAJ*3","OTC","DIV COSMETICOS","MEDICINAS","COMERCIAL","OVULO","","11,096","16,644","8,322","15,257","19,418","19,418","6,935","8,322"
"0000130138","GREEN LIFE PROPOLEO MENTA SPRAY *30ML","OTC","DIV NATURALES","MEDICINAS","NATURALES","SPRAY","","4,708","-","1,177","1,177","-","-","1,177","1,177"
"0000130568","BIRM SOL INMUNOMODULADOR *240ML","OTC","DIV FARMA","MEDICINAS","NATURALES","SOLUCION ORAL","","-","1,297","-","-","-","-","-","-"
"0000130646","APRONAX CAP LIQ 275MG LIQUID GELS CAJ*20","OTC","DIV FARMA OTC","MEDICINAS","COMERCIAL","CAPSULA LIQUIDA","","214,520","74,736","168,848","117,640","181,304","170,232","168,848","71,968"
"0000130648","SOTTILE GOTAS ADELGAZANTES FCO*30ML","OTC","DIV NATURAL","MEDICINAS","NATURALES","GOTAS ORALES","","-","-","1,041","-","-","-","-","-"
"0000131281","LOMAZOL JBE 50MG/100ML FCO*120ML","OTC","DIV FARMA","MEDICINAS","COMERCIAL","JARABE","","-","-","-","1,146","-","-","-","-"
"0000131553","DOLORGESIC CAP BLD 400MG CAJ*20","OTC","DIV FARMA","MEDICINAS","COMERCIAL","CAPSULA BLANDA","","18,044","37,476","30,536","19,432","27,760","220,692","44,416","16,656"
"0000131793","DUPHALAC JBE 66.7G/100ML SOB 15ML CAJ*20","OTC","DIV FARMA","MEDICINAS","COMERCIAL","JARABE","","-","-","-","6,072","1,012","-","-","1,012"
"0000131823","FINALIN GRIPE GRAGEAS CAJ*50","OTC","DIV FARMA","MEDICINAS","COMERCIAL","GRAGEA","","94,389","67,236","38,790","90,510","12,930","38,790","12,930","56,892"
"0000132116","HUMYLUB OFTENO PF SOL OFT FCO*10ML","OTC","DIV FARMA","MEDICINAS","COMERCIAL","SOLUCION OFTALMICA","","-","1,302","-","-","-","-","-","-"
"0000132425","ORALYTE 75 PLUS SOL MANDARINA FCO*400ML","OTC","DIV FARMA","MEDICINAS","COMERCIAL","SOLUCION ORAL","","-","-","-","-","-","-","-","2,284"
"0000132426","ORALYTE 75 PLUS SOL UVA FCO*400ML","OTC","DIV FARMA","MEDICINAS","COMERCIAL","SOLUCION ORAL","","17,199","6,615","10,584","-","2,646","3,969","7,938","5,292"
"0000132427","ORALYTE 75 PLUS SOL MANZANA FCO*400ML","OTC","DIV FARMA","MEDICINAS","COMERCIAL","SOLUCION ORAL","","5,352","6,690","13,380","-","2,676","-","-","12,042"
"0000132428","ORALYTE 45 PLUS SOL MANZANA FCO*400ML","OTC","DIV FARMA","MEDICINAS","COMERCIAL","SOLUCION ORAL","","2,656","2,656","2,656","-","-","-","5,312","-"
"0000132966","EDAPIL M ESP AEROSOL 5% FCO*100G","OTC","DIVISION MEDIHEALTH","MEDICINAS","COMERCIAL","ESPUMA","","-","1,075","-","-","1,075","-","-","-"
"0000133052","PEDIALYTE 60 MAX SOL ORAL COCO *500ML","OTC","DIV ALIM NUTRICION","MEDICINAS","COMERCIAL","SOLUCION ORAL","","1,372","4,116","2,744","2,744","4,116","2,744","1,372","10,976"
"0000133080","PEDIALYTE 60 MAX SOL ORAL FRESA *500ML","OTC","DIV ALIM NUTRICION","MEDICINAS","COMERCIAL","SOLUCION ORAL","","5,512","5,512","-","2,756","9,646","1,378","5,512","1,378"
"0000133139","VICK UNG VAPORUB FCO* 50G","OTC","DIV FARMA","MEDICINAS","COMERCIAL","UNGÜENTO","","6,835","6,835","5,468","9,569","9,569","12,303","6,835","4,101"
"0000133317","ENERSHOT SOL COMPLEJO B+GINSENG 10ML *10","OTC","DIV FARMA OTC","MEDICINAS","COMERCIAL","SOLUCION ORAL","","-","3,702","-","6,170","-","14,808","32,084","29,616"
"0000133335","NEUROBION TAB REC CAJ*30","OTC","DIV FARMA","MEDICINAS","COMERCIAL","TABLETA RECUBIERTA","","140,087","79,059","20,805","52,706","194,180","181,697","61,028","194,180"
"0000133360","NAZIL OFTENO SOL OFT 0.1% PAQ*15ML X2","OTC","DIV FARMA","MEDICINAS","COMERCIAL","SOLUCION OFTALMICA","","-","-","-","-","-","-","1,257","-"
"0000133563","UNESIA CREMA 1% ANTIMICOTICO TUBO*20G","OTC","DIV COSMETICOS","MEDICINAS","COMERCIAL","CREMA","","1,388","1,388","1,388","1,388","2,776","1,388","4,164","-"
"0000133642","GESTAVIT DHA CAP BLD CAJ*30","OTC","DIV FARMA","MEDICINAS","COMERCIAL","CAPSULA BLANDA","","-","41,250","-","-","41,250","41,250","41,250","41,250"
"0000133686","SYSTANE GOTAS OFT HIDRATACION FCO*10ML","OTC","DIV FARMA","MEDICINAS","COMERCIAL","GOTAS OFTALMICAS","","-","-","-","-","-","-","1,292","-"
"0000133687","SPLASH TEARS SOL OFT 0.1/0.2% FCO*15ML","OTC","DIV FARMA","MEDICINAS","COMERCIAL","SOLUCION OFTALMICA","","-","-","-","-","1,170","-","-","-"
"0000133823","ENERGIZAN TAB REC 150/100MG CAJ*30","OTC","DIV FARMA","MEDICINAS","COMERCIAL","TABLETA RECUBIERTA","","-","-","-","-","-","-","-","9,750"
"0000134153","CIRUELAX MINITABS COMP REC 75MG CAJ*30","OTC","DIV FARMA","MEDICINAS","NATURALES","COMPRIMIDO RECUBIERTO","","62,468","70,616","85,554","122,220","86,912","38,024","50,246","50,246"
"0000134362","BISMUTOL SUSP FCO*360ML","OTC","DIV FARMA","MEDICINAS","COMERCIAL","SUSPENSION","","-","1,365","2,730","1,365","2,730","4,095","-","2,730"
"0000134464","ORALYTE 45 PLUS SOL COCO FCO*400ML","OTC","DIV FARMA","MEDICINAS","COMERCIAL","SOLUCION ORAL","","4,752","2,376","2,376","-","3,564","-","2,376","2,376"
"0000134510","KETOCON BIO SHAMPOO 1G FCO*200ML","OTC","DIV FARMA","MEDICINAS","COMERCIAL","SHAMPOO","","1,173","-","-","-","-","-","-","-"
"0000134523","LACTEOL FORT CAP 340MG CAJ*12","OTC","DIV FARMA","MEDICINAS","COMERCIAL","CAPSULA","","4,720","-","2,360","-","-","-","14,160","-"
"0000134592","MINOXIDIL FORTE MK SOL TOPICA 5% *60ML","OTC","DERMATOLOGICOS TQ","MEDICINAS","COMERCIAL","SOLUCION TOPICA","","-","-","1,352","-","-","-","-","-"
"0000134798","PURIGI CREMA DERMOPROTECTORA *30G","OTC","DIVISION CREMAS","MEDICINAS","COMERCIAL","CREMA","","1,347","-","2,694","-","-","1,347","-","1,347"
"0000134799","PURIGI CREMA DERMOPROTECTORA *60G","OTC","DIVISION CREMAS","MEDICINAS","COMERCIAL","CREMA","","13,390","12,051","12,051","5,356","16,068","17,407","13,390","12,051"
"0000134844","BIRM SOL INMUNOMODULADOR KIDS *120ML","OTC","DIV FARMA","MEDICINAS","NATURALES","SOLUCION ORAL","","-","-","-","2,666","-","-","-","1,333"
"0000134845","BIRM CAP INMUNOMODULADOR *90","OTC","DIV FARMA","MEDICINAS","NATURALES","CAPSULA","","-","-","1,343","-","-","1,343","-","-"
"0000135184","NORMOTEMP TAB 500MG CAJ*100","OTC","DIV FARMA","MEDICINAS","COMERCIAL","TABLETA","","102,880","45,010","45,010","295,780","141,460","25,720","12,860","77,160"
"0000135194","ANTIMETIL TAB REC CAJ*30","OTC","DIV NATURAL","MEDICINAS","NATURALES","TABLETA RECUBIERTA","","45,880","24,800","17,360","38,440","14,880","26,040","13,640","17,360"
"0000135195","FLEXOFYTOL CAP BLD CAJ*60","OTC","DIV NATURAL","MEDICINAS","NATURALES","CAPSULA BLANDA","","72,773","-","-","-","-","2,386","-","-"
"0000135196","PASIFYTOL TAB REC CAJ*42","OTC","DIV NATURAL","MEDICINAS","NATURALES","TABLETA RECUBIERTA","","3,990","5,320","-","33,250","10,640","14,630","27,930","19,950"
"0000135311","NORMOTEMP JBE 160MG/5ML FCO*120ML","OTC","DIV FARMA","MEDICINAS","COMERCIAL","JARABE","","-","-","-","-","-","1,310","-","-"
"0000135394","HYDRITY 45 MEQ SOL UVA FCO*500ML","OTC","DIV FARMA","MEDICINAS","COMERCIAL","SOLUCION ORAL","","-","-","-","-","3,762","-","5,016","-"
"0000135395","HYDRITY 75 MEQ SOL MANZANA FCO*500ML","OTC","DIV FARMA","MEDICINAS","COMERCIAL","SOLUCION ORAL","","1,341","2,682","1,341","-","13,410","2,682","5,364","-"
"0000135404","HYDRITY 75 MEQ SOL UVA FCO*500ML","OTC","DIV FARMA","MEDICINAS","COMERCIAL","SOLUCION ORAL","","-","-","-","-","7,692","-","-","-"
"0000135413","BUENOX FORTE SUSP 960/250MG FCO*200ML","OTC","DIV FARMA","MEDICINAS","COMERCIAL","SUSPENSION","","1,308","1,308","-","1,308","1,308","-","-","-"
"0000135441","PERLAS DE PIEL CAP ANTIED/FIRMEZA FCO*90","OTC","DIV FARMA","MEDICINAS","NATURALES","CAPSULA","","-","-","-","-","-","795","-","-"
"0000135446","ARKOSTOP@@CAP CARBON ACTIVADO FCO*45","OTC","DIV FARMA","MEDICINAS","NATURALES","CAPSULA","","451","-","-","-","-","-","-","-"
"0000135469","ACEMUK 600 COMP EFERV 600MG CAJ*20","OTC","DIV FARMA","MEDICINAS","COMERCIAL","COMPRIMIDO EFERVESCENTE","","9,268","-","2,648","-","-","-","-","13,240"
"0000135480","CLEMBROXIL FLEM SOL 15MG/5ML PED *120ML","OTC","DIV FARMA","MEDICINAS","COMERCIAL","SOLUCION ORAL","","1,228","1,228","1,228","-","1,228","2,456","1,228","-"
"0000135481","CLEMBROXIL FLEM SOL 30MG/5ML ADU *120ML","OTC","DIV FARMA","MEDICINAS","COMERCIAL","SOLUCION ORAL","","-","-","-","2,278","4,556","4,556","-","1,139"
"0000135482","DIGESTOTAL FORTE CAP CAJ*30","OTC","DIV FARMA","MEDICINAS","COMERCIAL","CAPSULA","","117,276","122,668","152,324","117,276","191,416","167,152","192,764","159,064"
"0000135520","LAGRICEL OFTENO PF SOL OFT 0.4% FCO*10ML","OTC","DIV FARMA","MEDICINAS","COMERCIAL","SOLUCION OFTALMICA","","2,584","1,292","2,584","1,292","-","-","1,292","1,292"
"0000135572","FARMANOVA SOL 0.9% SUERO FISIO SPR *40ML","OTC","DIV FARMA","MEDICINAS","COMERCIAL","SOLUCION TOPICA","","2,598","-","-","-","1,299","1,299","1,299","-"
"0000135573","FARMANOVA SOL 0.9% SUERO FISIO *60ML","OTC","DIV FARMA","MEDICINAS","COMERCIAL","SOLUCION TOPICA","","3,987","9,303","7,974","3,987","3,987","3,987","5,316","-"
"0000135574","FARMANOVA SOL 0.9% SUERO FISIO *140ML","OTC","DIV FARMA","MEDICINAS","COMERCIAL","SOLUCION TOPICA","","-","2,548","2,548","2,548","2,548","1,274","3,822","-"
"0000135799","LEVOTREX CAP BLD 5MG CAJ*10","OTC","DIV FARMA","MEDICINAS","COMERCIAL","CAPSULA BLANDA","","41,895","20,349","23,940","8,379","32,319","76,608","32,319","19,152"
"0000135913","BUSCAPINA DUO COMP REC CAJ*20","OTC","DIV FARMA CHC","MEDICINAS","COMERCIAL","COMPRIMIDO RECUBIERTO","","53,840","65,954","118,448","117,102","99,604","65,954","41,726","56,532"
"0000135940","HYDRITY 45 MEQ SOL MANZANA FCO*500ML","OTC","DIV FARMA","MEDICINAS","COMERCIAL","SOLUCION ORAL","","-","-","-","-","-","-","4,692","-"
"0000136041","DIGERIL SUSP 800/60MG/10ML FCO*300ML","OTC","DIV FARMA","MEDICINAS","COMERCIAL","SUSPENSION","","-","-","-","-","1,123","-","-","-"
"0000136042","DIGERIL FORTE SUSP VAINILLA FCO*300ML","OTC","DIV FARMA","MEDICINAS","COMERCIAL","SUSPENSION","","-","1,188","2,376","1,188","1,188","5,940","-","-"
"0000136282","NASALMED SPR NASAL ISOTONICA FCO*120ML","OTC","DIV NATURAL","MEDICINAS","NATURALES","SPRAY","","1,046","-","-","-","-","-","-","-"
"0000136283","NASALMED SPR NASAL HIPERTONICA FCO*120ML","OTC","DIV NATURAL","MEDICINAS","NATURALES","SPRAY","","1,053","1,053","-","-","-","3,159","2,106","1,053"
"0000136289","NASALMED BABY SPR NASAL ISOTONICA *120ML","OTC","DIV NATURAL","MEDICINAS","NATURALES","SPRAY","","-","-","-","-","-","-","1,020","-"
"0000136345","NORMOLAX TAB 5MG CAJ*10","OTC","DIV FARMA","MEDICINAS","COMERCIAL","TABLETA","","-","196","392","-","-","-","-","-"
"0000136601","ENTEROFERMENTI LYTE SOL 45MEQ UVA *500ML","OTC","DIV FARMA","MEDICINAS","COMERCIAL","SOLUCION ORAL","","-","-","-","-","-","-","-","402"
"0000136611","SYSTANE COMPLETE GOTAS OFT 0.6% FCO*10ML","OTC","DIV FARMA","MEDICINAS","COMERCIAL","GOTAS OFTALMICAS","","1,147","-","1,147","-","1,147","-","-","-"
"0000136643","ALERCET CAP BLD 10MG 2HCL CAJ*20","OTC","DIV FARMA","MEDICINAS","COMERCIAL","CAPSULA BLANDA","","79,560","30,498","68,952","37,128","100,776","5,304","31,824","39,780"
"0000136715","GENFARGRIP DIA GRANUL NARANJA 6G CAJ*24","OTC","DIV FARMA","MEDICINAS","COMERCIAL","GRANULADO","","-","31,872","-","2,988","44,820","72,708","3,984","36,852"
"0000136768","UMBRAL GRIP GEL CAP BLD  CAJ*20","OTC","DIV FARMA","MEDICINAS","COMERCIAL","CAPSULA BLANDA","","54,489","79,740","79,740","26,580","98,346","87,714","5,316","34,554"
"0000136770","GREEN LIFE PROPOLEO JENG+LIM SPRAY *30ML","OTC","DIV NATURALES","MEDICINAS","NATURALES","SPRAY","","325","-","650","325","-","-","-","650"
"0000137151","MEDICASP SHAMPOO FORTE 2%  FCO *100ML","OTC","DIV COSMETICOS","MEDICINAS","COMERCIAL","SHAMPOO","","-","1,221","2,442","-","-","-","1,221","2,442"
"0000137226","KETOCON CREMA 2% TUBO*30G","OTC","DIV FARMA","MEDICINAS","COMERCIAL","CREMA","","-","-","-","1,262","-","1,262","-","1,262"
"0000137294","FLORIL SOL OFT 0.03% FCO*15ML","OTC","DIV FARMA","MEDICINAS","COMERCIAL","SOLUCION OFTALMICA","","-","-","-","-","-","999","-","999"
"0000137336","DECATILENO TAB 0.25/0.03MG CAJ *10","OTC","DIV FARMA","MEDICINAS","COMERCIAL","TABLETA","","26,240","52,480","13,120","26,240","26,240","26,240","26,240","-"
"0000137411","HIDRAPLUS 75 SOL UVA SACHET CAJ*4","OTC","ETICOS TQ","MEDICINAS","COMERCIAL","SOLUCION ORAL","","22,083","38,970","41,568","16,887","9,093","33,774","5,196","15,588"
"0000137412","HIDRAPLUS 75 SOL CEREZA SACHET CAJ*4","OTC","ETICOS TQ","MEDICINAS","COMERCIAL","SOLUCION ORAL","","38,454","33,150","21,216","33,150","15,912","21,216","26,520","11,934"
"0000137630","X RAY DOL TAB CAJ*12","OTC","DIV COSMETICOS","MEDICINAS","COMERCIAL","TABLETA","","-","-","-","-","16,354","28,934","47,804","23,902"
"0000137654","DOLORGESIC FEM CAP BLD 200MG CAJ*20","OTC","DIV FARMA","MEDICINAS","COMERCIAL","CAPSULA BLANDA","","-","-","-","-","-","-","11,280","-"
"0000137769","DEFEROL CAP BLD 7000 UI CAJ *8","OTC","DIV FARMA","MEDICINAS","COMERCIAL","CAPSULA BLANDA","","-","-","-","-","4,608","-","-","-"
"0000137777","BONFIEST PLUS POLVO EFERV SOB CAJ*16","OTC","GASTROINTESTINAL TQ","MEDICINAS","COMERCIAL","POLVO EFERVESCENTE","","16,055","6,175","28,405","4,940","23,465","38,285","25,935","39,520"
"0000137824","SILMUCIL POLVO 600MG SOB 4.2G CAJ*20","OTC","DIV FARMA","MEDICINAS","COMERCIAL","POLVO","","1,566","-","14,094","-","-","-","-","3,132"
"0000138031","ABRILAR EA 575 JBE 7MG/ML MENT ADU*100ML","OTC","DIV FARMA","MEDICINAS","NATURALES","JARABE","","-","-","-","1,020","-","-","-","-"
"0000138191","LEVOCET SOL 2.5MG/5ML CEREZA FCO*120ML","OTC","DIV FARMA","MEDICINAS","COMERCIAL","SOLUCION ORAL","","565","-","-","565","1,695","565","-","-"
"0000138202","BONAGERMIN PLUS SUSP 4000 MILL/5ML *5","OTC","DIV FARMA","MEDICINAS","COMERCIAL","SUSPENSION","","-","522","783","-","-","-","-","-"
"0000138222","CAPSIFLU CAP LIQ CAJ*10","OTC","DIV FARMA","MEDICINAS","COMERCIAL","CAPSULA LIQUIDA","","483,336","71,514","-","-","-","36,990","110,970","234,270"
"0000138349","VICK JBE FORMULA 44 MIEL FCO*120ML","OTC","DIV FARMA","MEDICINAS","COMERCIAL","JARABE","","-","-","-","-","-","556","-","-"
"0000139118","OXIDKANA PASTA 200MG/G TUBO*60G","OTC","DIV FARMA","MEDICINAS","COMERCIAL","PASTA","","-","-","237","-","-","-","-","-"
"0000139169","PRENAVIT DHA CAP BLD CAJ*30","OTC","DIV FARMA","MEDICINAS","COMERCIAL","CAPSULA BLANDA","","-","-","-","30,270","-","-","-","-"
"0000140742","ARKOSTOP CAP CARBON ACTIVADO FCO*45","OTC","DIV FARMA","MEDICINAS","NATURALES","CAPSULA","","-","5,222","10,071","-","1,492","4,476","-","-"
"0000140745","PHYTO SOYA GEL VAG 5ML CAJ*8","OTC","DIV FARMA","MEDICINAS","NATURALES","GEL VAGINAL","","5,976","-","-","-","-","-","-","-"
"0000140781","FUNGIREX POLVO FCO*180G","OTC","DIV FARMA","MEDICINAS","COMERCIAL","POLVO","","-","-","-","-","-","-","-","871"
"0000140905","SAL ANDREWS POLVO EFER NARANJA SOB*50","OTC","DIV FARMA","MEDICINAS","COMERCIAL","POLVO EFERVESCENTE","","-","-","-","-","-","-","2,386","-"
"0000141214","CIRUELAX FORTE JALEA LAXANTE FCO*300G","OTC","DIV FARMA","MEDICINAS","NATURALES","JALEA","","-","-","-","-","-","931","-","-"
"0000141263","PEDIALYTE 45 ACT SOL ORAL GUARANA *500ML","OTC","DIV ALIM NUTRICION","MEDICINAS","COMERCIAL","SOLUCION ORAL","","-","-","1,952","-","-","-","-","-"
"0000141632","BISMUSAL POLVO EFER 2.18/0.88G CAJ*4","OTC","DIV FARMA","MEDICINAS","COMERCIAL","POLVO EFERVESCENTE","","-","-","4,740","-","4,740","1,185","-","-"
"0000141667","DIGESTOTAL BILIAR CAP CAJ*30","OTC","DIV FARMA","MEDICINAS","COMERCIAL","CAPSULA","","-","1,214","7,284","3,642","4,856","-","2,428","-"
"0000142087","LEVOTREX JBE 2.5MG/5ML FCO*120ML","OTC","DIV FARMA","MEDICINAS","COMERCIAL","JARABE","","-","-","-","-","-","-","1,196","-"
"0000142148","LOMECAN V OVU 500MG CAJ*1","OTC","DIV COSMETICOS","MEDICINAS","COMERCIAL","OVULO","","-","-","-","-","-","2,456","3,684","1,228"
"0000142154","GYNO-CANESTEN OVU 500MG CAJ*1","OTC","DIV FARMA OTC","MEDICINAS","COMERCIAL","OVULO","","-","-","-","-","-","-","977","977"
"0000142639","DOLGITAN FORTE TAB REC 500/65MG CAJ*100","OTC","DIV FARMA","MEDICINAS","COMERCIAL","TABLETA RECUBIERTA","","-","-","-","-","-","-","16,968","221,796"
